waveumber,lower_key,upper_key,probability
394.3900,1|2P3),a3P4p_y4D0*,0.0000
423.9200,1|2P3),a3P4p_y4D0*,0.0000
4671.5200,2|3P2)2P,a3P4p_y4D0*,0.0000
8175.6700,2|3P2)4P,a3P4p_y4D0*,0.0006
8403.1400,2|3P2)4P,a3P4p_y4D0*,0.0002
8933.2600,2|3F2)4F,a3P4p_y4D0*,0.0233
10750.5300,3|4F3)4F,a3P4p_y4D0*,0.0162
16429.3500,1|2D3),a3P4p_y4D0*,0.0005
18132.5100,2|1D4)2D,a3P4p_y4D0*,0.0055
19494.7900,1|2S5),a3P4p_y4D0*,0.0039
20815.2600,2|3D4)2D,a3P4p_y4D0*,0.0043
23386.7900,2|1S4)2S,a3P4p_y4D0*,0.0166
25405.6500,2|3D4)4D,a3P4p_y4D0*,0.0737
25439.4500,2|3D4)4D,a3P4p_y4D0*,0.0335
28445.9900,2|3P4)2P,a3P4p_y4D0*,0.0303
29142.5600,2|3P4)2P,a3P4p_y4D0*,1.7153
30957.1200,1|4F3),a3P4p_y4D0*,4.7311
32270.6400,1|2D5),a3P4p_y4D0*,0.6069
32718.9400,2|3F4)4F,a3P4p_y4D0*,16.4100
33494.4400,2|3P4)4P,a3P4p_y4D0*,22.6675
33850.0000,2|3P4)4P,a3P4p_y4D0*,146.7494
38759.0700,1|4D5),a3P4p_y4D0*,1.2476
38766.4800,1|4D5),a3P4p_y4D0*,0.5416
41977.7700,1|4P3),a3P4p_y4D0*,7.8984
41978.0400,1|4P3),a3P4p_y4D0*,31.1748
44170.7100,2|5D4)4D,a3P4p_y4D0*,0.2502
44273.6300,2|5D4)4D,a3P4p_y4D0*,0.5983
51769.3000,2|5D4)6D,a3P4p_y4D0*,0.0001
51840.0700,2|5D4)6D,a3P4p_y4D0*,0.0022
683.7700,1|2P3),a3P4p_y4D1*,0.0000
4484.0700,2|3F2)2F,a3P4p_y4D1*,0.0000
4535.0000,2|3P2)2P,a3P4p_y4D1*,0.0000
4931.3700,2|3P2)2P,a3P4p_y4D1*,0.0000
8435.5200,2|3P2)4P,a3P4p_y4D1*,0.0004
8662.9900,2|3P2)4P,a3P4p_y4D1*,0.0006
9038.6300,2|3P2)4P,a3P4p_y4D1*,0.0000
9178.1900,2|3F2)4F,a3P4p_y4D1*,0.0207
9193.1100,2|3F2)4F,a3P4p_y4D1*,0.0058
10790.6400,3|4F3)4F,a3P4p_y4D1*,0.0119
11010.3800,3|4F3)4F,a3P4p_y4D1*,0.0027
13374.1100,2|1F4)2F,a3P4p_y4D1*,0.0001
16689.2000,1|2D3),a3P4p_y4D1*,0.0001
16707.2900,1|2D3),a3P4p_y4D1*,0.0002
18331.1500,2|1D4)2D,a3P4p_y4D1*,0.0024
18392.3600,2|1D4)2D,a3P4p_y4D1*,0.0000
19754.6400,1|2S5),a3P4p_y4D1*,0.0019
21075.1100,2|3D4)2D,a3P4p_y4D1*,0.0007
21163.7400,2|3D4)2D,a3P4p_y4D1*,0.0017
23646.6400,2|1S4)2S,a3P4p_y4D1*,0.0103
24319.6400,1|2F5),a3P4p_y4D1*,0.0042
25665.5000,2|3D4)4D,a3P4p_y4D1*,0.0385
25699.3000,2|3D4)4D,a3P4p_y4D1*,0.0584
25746.8700,2|3D4)4D,a3P4p_y4D1*,0.0221
28492.5300,2|3F4)2F,a3P4p_y4D1*,0.0221
28705.8400,2|3P4)2P,a3P4p_y4D1*,0.2325
29402.4100,2|3P4)2P,a3P4p_y4D1*,0.4559
30643.7400,2|3G4)4G,a3P4p_y4D1*,0.1421
31206.7800,1|4F3),a3P4p_y4D1*,3.6128
31216.9700,1|4F3),a3P4p_y4D1*,1.0353
31458.3300,1|2F3),a3P4p_y4D1*,0.3993
32530.4900,1|2D5),a3P4p_y4D1*,0.0909
32710.8300,1|2D5),a3P4p_y4D1*,1.0204
32944.3400,2|3F4)4F,a3P4p_y4D1*,15.4871
32978.7900,2|3F4)4F,a3P4p_y4D1*,3.3765
33197.2700,2|3P4)4P,a3P4p_y4D1*,6.0068
33754.2900,2|3P4)4P,a3P4p_y4D1*,84.7104
34109.8500,2|3P4)4P,a3P4p_y4D1*,78.5486
39014.9700,1|4D5),a3P4p_y4D1*,1.0125
39018.9200,1|4D5),a3P4p_y4D1*,0.2372
39026.3300,1|4D5),a3P4p_y4D1*,0.6264
42237.6200,1|4P3),a3P4p_y4D1*,23.0355
42237.8900,1|4P3),a3P4p_y4D1*,14.9890
42239.2100,1|4P3),a3P4p_y4D1*,2.8824
43549.6700,1|4G5),a3P4p_y4D1*,0.0083
44263.8500,2|5D4)4D,a3P4p_y4D1*,0.1117
44430.5600,2|5D4)4D,a3P4p_y4D1*,0.3737
44533.4800,2|5D4)4D,a3P4p_y4D1*,0.4196
51913.9100,2|5D4)6D,a3P4p_y4D1*,0.0001
52029.1500,2|5D4)6D,a3P4p_y4D1*,0.0002
52099.9200,2|5D4)6D,a3P4p_y4D1*,0.0027
64061.7300,1|6S5),a3P4p_y4D1*,0.0007
1070.8500,1|2P3),a3P4p_y4D2*,0.0000
4871.1500,2|3F2)2F,a3P4p_y4D2*,0.0000
4878.7100,2|3F2)2F,a3P4p_y4D2*,0.0000
5318.4500,2|3P2)2P,a3P4p_y4D2*,0.0000
9050.0700,2|3P2)4P,a3P4p_y4D2*,0.0011
9425.7100,2|3P2)4P,a3P4p_y4D2*,0.0006
9560.8400,2|3F2)4F,a3P4p_y4D2*,0.0250
9565.2700,2|3F2)4F,a3P4p_y4D2*,0.0063
9580.1900,2|3F2)4F,a3P4p_y4D2*,0.0004
10882.5300,3|4F3)4F,a3P4p_y4D2*,0.0091
11177.7200,3|4F3)4F,a3P4p_y4D2*,0.0016
11397.4600,3|4F3)4F,a3P4p_y4D2*,0.0000
13761.1900,2|1F4)2F,a3P4p_y4D2*,0.0000
13781.5700,2|1F4)2F,a3P4p_y4D2*,0.0002
17076.2800,1|2D3),a3P4p_y4D2*,0.0001
17094.3700,1|2D3),a3P4p_y4D2*,0.0002
18718.2300,2|1D4)2D,a3P4p_y4D2*,0.0007
18779.4400,2|1D4)2D,a3P4p_y4D2*,0.0001
21462.1900,2|3D4)2D,a3P4p_y4D2*,0.0007
21550.8200,2|3D4)2D,a3P4p_y4D2*,0.0035
24571.7400,1|2F5),a3P4p_y4D2*,0.0054
24706.7200,1|2F5),a3P4p_y4D2*,0.0008
24765.0600,1|2F5),a3P4p_y4D2*,0.0003
25939.8800,2|3G4)2G,a3P4p_y4D2*,0.0054
26086.3800,2|3D4)4D,a3P4p_y4D2*,0.0447
26133.9500,2|3D4)4D,a3P4p_y4D2*,0.0925
26179.2200,2|3D4)4D,a3P4p_y4D2*,0.0135
28347.2300,1|2G5),a3P4p_y4D2*,0.0025
28841.3100,2|3F4)2F,a3P4p_y4D2*,0.0322
28879.6100,2|3F4)2F,a3P4p_y4D2*,0.0329
29092.9200,2|3P4)2P,a3P4p_y4D2*,0.1694
30927.7000,2|3G4)4G,a3P4p_y4D2*,0.2248
31030.8200,2|3G4)4G,a3P4p_y4D2*,0.0469
31593.8600,1|4F3),a3P4p_y4D2*,0.9179
31604.0500,1|4F3),a3P4p_y4D2*,0.0587
31612.1300,1|4F3),a3P4p_y4D2*,4.7449
31845.4100,1|2F3),a3P4p_y4D2*,0.0857
32093.1300,1|2F3),a3P4p_y4D2*,0.0254
32917.5700,1|2D5),a3P4p_y4D2*,0.0619
33097.9100,1|2D5),a3P4p_y4D2*,0.0046
33280.2300,2|3F4)4F,a3P4p_y4D2*,22.6089
33331.4200,2|3F4)4F,a3P4p_y4D2*,4.0223
33365.8700,2|3F4)4F,a3P4p_y4D2*,0.1411
33584.3500,2|3P4)4P,a3P4p_y4D2*,39.6983
34141.3700,2|3P4)4P,a3P4p_y4D2*,124.7727
34292.0200,2|3H4)4H,a3P4p_y4D2*,0.0203
39402.0500,1|4D5),a3P4p_y4D2*,0.4147
39406.0000,1|4D5),a3P4p_y4D2*,0.7354
39415.1100,1|4D5),a3P4p_y4D2*,0.7019
42624.7000,1|4P3),a3P4p_y4D2*,28.1501
42626.2900,1|4P3),a3P4p_y4D2*,15.6918
43930.9800,1|4G5),a3P4p_y4D2*,0.0145
43936.7500,1|4G5),a3P4p_y4D2*,0.0038
44424.8000,2|5D4)4D,a3P4p_y4D2*,0.0419
44650.9300,2|5D4)4D,a3P4p_y4D2*,0.4582
44817.6400,2|5D4)4D,a3P4p_y4D2*,0.5150
52144.9500,2|5D4)6D,a3P4p_y4D2*,0.0007
52300.9900,2|5D4)6D,a3P4p_y4D2*,0.0004
52416.2300,2|5D4)6D,a3P4p_y4D2*,0.0037
64448.8100,1|6S5),a3P4p_y4D2*,0.0032
2235.5700,2|1G2)2G,a3P4p_y4D3*,0.0000
5346.8600,2|3F2)2F,a3P4p_y4D3*,0.0000
5354.4200,2|3F2)2F,a3P4p_y4D3*,0.0000
9901.4200,2|3P2)4P,a3P4p_y4D3*,0.0027
10036.5500,2|3F2)4F,a3P4p_y4D3*,0.0051
10040.9800,2|3F2)4F,a3P4p_y4D3*,0.0003
10056.9100,2|3F2)4F,a3P4p_y4D3*,0.0346
11001.5100,3|4F3)4F,a3P4p_y4D3*,0.0040
11358.2400,3|4F3)4F,a3P4p_y4D3*,0.0003
12603.5100,1|2G3),a3P4p_y4D3*,0.0000
12626.7100,1|2G3),a3P4p_y4D3*,0.0001
14236.9000,2|1F4)2F,a3P4p_y4D3*,0.0000
17570.0800,1|2D3),a3P4p_y4D3*,0.0001
19193.9400,2|1D4)2D,a3P4p_y4D3*,0.0021
22026.5300,2|3D4)2D,a3P4p_y4D3*,0.0119
25047.4500,1|2F5),a3P4p_y4D3*,0.0029
25100.1400,2|1G4)2G,a3P4p_y4D3*,0.0098
26361.5100,2|3G4)2G,a3P4p_y4D3*,0.0233
26415.5900,2|3G4)2G,a3P4p_y4D3*,0.0090
26609.6600,2|3D4)4D,a3P4p_y4D3*,0.0368
26654.9300,2|3D4)4D,a3P4p_y4D3*,0.1966
28651.9800,1|2G5),a3P4p_y4D3*,0.0084
28822.9400,1|2G5),a3P4p_y4D3*,0.0090
29314.1700,1|2H3),a3P4p_y4D3*,0.0218
29317.0200,2|3F4)2F,a3P4p_y4D3*,0.1285
29355.3200,2|3F4)2F,a3P4p_y4D3*,0.0786
30293.5700,2|3H4)2H,a3P4p_y4D3*,0.0860
31305.5800,2|3G4)4G,a3P4p_y4D3*,0.2046
31403.4100,2|3G4)4G,a3P4p_y4D3*,0.0349
31506.5300,2|3G4)4G,a3P4p_y4D3*,0.0128
32069.5700,1|4F3),a3P4p_y4D3*,0.0293
32070.2100,1|4F3),a3P4p_y4D3*,6.7988
32087.8400,1|4F3),a3P4p_y4D3*,0.7147
32321.1200,1|2F3),a3P4p_y4D3*,0.0090
32568.8400,1|2F3),a3P4p_y4D3*,0.0290
33573.6200,1|2D5),a3P4p_y4D3*,0.9067
33705.1700,2|3F4)4F,a3P4p_y4D3*,34.6323
33755.9400,2|3F4)4F,a3P4p_y4D3*,2.5937
33807.1300,2|3F4)4F,a3P4p_y4D3*,0.0182
34060.0600,2|3P4)4P,a3P4p_y4D3*,153.3874
34705.7100,2|3H4)4H,a3P4p_y4D3*,0.0791
34767.7300,2|3H4)4H,a3P4p_y4D3*,0.0168
39877.7600,1|4D5),a3P4p_y4D3*,0.5214
39890.8200,1|4D5),a3P4p_y4D3*,0.9893
43102.0000,1|4P3),a3P4p_y4D3*,49.0336
44405.1900,1|4G5),a3P4p_y4D3*,0.0211
44406.6900,1|4G5),a3P4p_y4D3*,0.0006
44412.4600,1|4G5),a3P4p_y4D3*,0.0001
44900.5100,2|5D4)4D,a3P4p_y4D3*,0.7687
45126.6400,2|5D4)4D,a3P4p_y4D3*,0.4734
52428.0800,2|5D4)6D,a3P4p_y4D3*,0.0044
52620.6600,2|5D4)6D,a3P4p_y4D3*,0.0018
52776.7000,2|5D4)6D,a3P4p_y4D3*,0.0022
64924.5200,1|6S5),a3P4p_y4D3*,0.0091
1778.6000,1|2P3),a3F4p_z4G2*,0.0000
5578.9000,2|3F2)2F,a3F4p_z4G2*,0.0000
5586.4600,2|3F2)2F,a3F4p_z4G2*,0.0000
10133.4600,2|3P2)4P,a3F4p_z4G2*,0.0000
10268.5900,2|3F2)4F,a3F4p_z4G2*,0.0001
10273.0200,2|3F2)4F,a3F4p_z4G2*,0.0041
10287.9400,2|3F2)4F,a3F4p_z4G2*,0.0346
11590.2800,3|4F3)4F,a3F4p_z4G2*,0.0001
11885.4700,3|4F3)4F,a3F4p_z4G2*,0.0021
12105.2100,3|4F3)4F,a3F4p_z4G2*,0.0210
12858.7500,1|2G3),a3F4p_z4G2*,0.0001
14468.9400,2|1F4)2F,a3F4p_z4G2*,0.0014
14489.3200,2|1F4)2F,a3F4p_z4G2*,0.0000
17784.0300,1|2D3),a3F4p_z4G2*,0.0026
17802.1200,1|2D3),a3F4p_z4G2*,0.0000
19425.9800,2|1D4)2D,a3F4p_z4G2*,0.0004
19487.1900,2|1D4)2D,a3F4p_z4G2*,0.0017
22169.9400,2|3D4)2D,a3F4p_z4G2*,0.0024
22258.5700,2|3D4)2D,a3F4p_z4G2*,0.0016
25279.4900,1|2F5),a3F4p_z4G2*,0.0037
25414.4700,1|2F5),a3F4p_z4G2*,0.0065
25472.8100,1|2F5),a3F4p_z4G2*,0.0001
26647.6300,2|3G4)2G,a3F4p_z4G2*,0.0465
26794.1300,2|3D4)4D,a3F4p_z4G2*,0.0018
26841.7000,2|3D4)4D,a3F4p_z4G2*,0.0008
26886.9700,2|3D4)4D,a3F4p_z4G2*,0.0000
29054.9800,1|2G5),a3F4p_z4G2*,0.0656
29549.0600,2|3F4)2F,a3F4p_z4G2*,0.0500
29587.3600,2|3F4)2F,a3F4p_z4G2*,0.2055
29800.6700,2|3P4)2P,a3F4p_z4G2*,0.0004
31635.4500,2|3G4)4G,a3F4p_z4G2*,3.0006
31738.5700,2|3G4)4G,a3F4p_z4G2*,22.0781
32301.6100,1|4F3),a3F4p_z4G2*,4.4617
32311.8000,1|4F3),a3F4p_z4G2*,9.9945
32319.8800,1|4F3),a3F4p_z4G2*,0.4852
32553.1600,1|2F3),a3F4p_z4G2*,0.8060
32800.8800,1|2F3),a3F4p_z4G2*,0.0033
33625.3200,1|2D5),a3F4p_z4G2*,7.0340
33805.6600,1|2D5),a3F4p_z4G2*,2.1373
33987.9800,2|3F4)4F,a3F4p_z4G2*,2.1454
34039.1700,2|3F4)4F,a3F4p_z4G2*,28.2524
34073.6200,2|3F4)4F,a3F4p_z4G2*,109.6665
34292.1000,2|3P4)4P,a3F4p_z4G2*,0.0023
34849.1200,2|3P4)4P,a3F4p_z4G2*,0.0061
34999.7700,2|3H4)4H,a3F4p_z4G2*,17.4036
40109.8000,1|4D5),a3F4p_z4G2*,0.0000
40113.7500,1|4D5),a3F4p_z4G2*,0.0011
40122.8600,1|4D5),a3F4p_z4G2*,0.0002
43332.4500,1|4P3),a3F4p_z4G2*,0.0014
43334.0400,1|4P3),a3F4p_z4G2*,0.0011
44638.7300,1|4G5),a3F4p_z4G2*,1.8437
44644.5000,1|4G5),a3F4p_z4G2*,3.7745
45132.5500,2|5D4)4D,a3F4p_z4G2*,0.0010
45358.6800,2|5D4)4D,a3F4p_z4G2*,0.0220
45525.3900,2|5D4)4D,a3F4p_z4G2*,0.0576
2567.9300,2|1G2)2G,a3F4p_z4G3*,0.0000
5679.2200,2|3F2)2F,a3F4p_z4G3*,0.0015
5686.7800,2|3F2)2F,a3F4p_z4G3*,0.0000
10233.7800,2|3P2)4P,a3F4p_z4G3*,0.0000
10368.9100,2|3F2)4F,a3F4p_z4G3*,0.0030
10373.3400,2|3F2)4F,a3F4p_z4G3*,0.0324
10389.2700,2|3F2)4F,a3F4p_z4G3*,0.0001
11690.6000,3|4F3)4F,a3F4p_z4G3*,0.0011
11985.7900,3|4F3)4F,a3F4p_z4G3*,0.0146
12935.8700,1|2G3),a3F4p_z4G3*,0.0001
12959.0700,1|2G3),a3F4p_z4G3*,0.0114
14569.2600,2|1F4)2F,a3F4p_z4G3*,0.0004
14589.6400,2|1F4)2F,a3F4p_z4G3*,0.0001
17902.4400,1|2D3),a3F4p_z4G3*,0.0003
19526.3000,2|1D4)2D,a3F4p_z4G3*,0.0000
22358.8900,2|3D4)2D,a3F4p_z4G3*,0.0030
25379.8100,1|2F5),a3F4p_z4G3*,0.0350
25432.5000,2|1G4)2G,a3F4p_z4G3*,0.0202
25514.7900,1|2F5),a3F4p_z4G3*,0.0045
25573.1300,1|2F5),a3F4p_z4G3*,0.0406
26693.8700,2|3G4)2G,a3F4p_z4G3*,0.0422
26747.9500,2|3G4)2G,a3F4p_z4G3*,0.8474
26942.0200,2|3D4)4D,a3F4p_z4G3*,0.0100
26987.2900,2|3D4)4D,a3F4p_z4G3*,0.0017
28984.3400,1|2G5),a3F4p_z4G3*,0.1545
29155.3000,1|2G5),a3F4p_z4G3*,1.0319
29646.5300,1|2H3),a3F4p_z4G3*,4.2622
29649.3800,2|3F4)2F,a3F4p_z4G3*,0.0011
29687.6800,2|3F4)2F,a3F4p_z4G3*,10.8191
30625.9300,2|3H4)2H,a3F4p_z4G3*,11.1183
31637.9400,2|3G4)4G,a3F4p_z4G3*,1.6276
31735.7700,2|3G4)4G,a3F4p_z4G3*,16.1717
31838.8900,2|3G4)4G,a3F4p_z4G3*,2.4658
32401.9300,1|4F3),a3F4p_z4G3*,3.2918
32402.5700,1|4F3),a3F4p_z4G3*,0.3587
32420.2000,1|4F3),a3F4p_z4G3*,5.2504
32653.4800,1|2F3),a3F4p_z4G3*,5.4171
32901.2000,1|2F3),a3F4p_z4G3*,0.3349
33905.9800,1|2D5),a3F4p_z4G3*,2.0359
34037.5300,2|3F4)4F,a3F4p_z4G3*,1.4750
34088.3000,2|3F4)4F,a3F4p_z4G3*,28.7965
34139.4900,2|3F4)4F,a3F4p_z4G3*,85.7715
34392.4200,2|3P4)4P,a3F4p_z4G3*,0.1579
35038.0700,2|3H4)4H,a3F4p_z4G3*,19.9356
35100.0900,2|3H4)4H,a3F4p_z4G3*,0.2748
40210.1200,1|4D5),a3F4p_z4G3*,0.0041
40223.1800,1|4D5),a3F4p_z4G3*,0.0002
43434.3600,1|4P3),a3F4p_z4G3*,0.0008
44737.5500,1|4G5),a3F4p_z4G3*,2.8476
44739.0500,1|4G5),a3F4p_z4G3*,2.8738
44744.8200,1|4G5),a3F4p_z4G3*,1.4978
45232.8700,2|5D4)4D,a3F4p_z4G3*,0.0235
45459.0000,2|5D4)4D,a3F4p_z4G3*,0.1568
52953.0200,2|5D4)6D,a3F4p_z4G3*,0.0001
53109.0600,2|5D4)6D,a3F4p_z4G3*,0.0001
2682.2800,2|1G2)2G,a3F4p_z4G4*,0.0000
2695.0000,2|1G2)2G,a3F4p_z4G4*,0.0000
5813.8500,2|3F2)2F,a3F4p_z4G4*,0.0029
10495.9800,2|3F2)4F,a3F4p_z4G4*,0.0291
10516.3400,2|3F2)4F,a3F4p_z4G4*,0.0011
11460.9400,3|4F3)4F,a3F4p_z4G4*,0.0002
11817.6700,3|4F3)4F,a3F4p_z4G4*,0.0102
13062.9400,1|2G3),a3F4p_z4G4*,0.0182
13086.1400,1|2G3),a3F4p_z4G4*,0.0000
14716.7100,2|1F4)2F,a3F4p_z4G4*,0.0001
25155.6200,2|1I4)2I,a3F4p_z4G4*,0.0108
25506.8800,1|2F5),a3F4p_z4G4*,0.0248
25559.5700,2|1G4)2G,a3F4p_z4G4*,0.2899
25700.2000,1|2F5),a3F4p_z4G4*,0.0001
26820.9400,2|3G4)2G,a3F4p_z4G4*,1.2677
26875.0200,2|3G4)2G,a3F4p_z4G4*,0.0007
27114.3600,2|3D4)4D,a3F4p_z4G4*,0.0273
29111.4100,1|2G5),a3F4p_z4G4*,1.5458
29282.3700,1|2G5),a3F4p_z4G4*,0.0003
29676.4600,1|2H3),a3F4p_z4G4*,8.1685
29773.6000,1|2H3),a3F4p_z4G4*,0.4533
29776.4500,2|3F4)2F,a3F4p_z4G4*,20.3336
30571.0000,2|3H4)2H,a3F4p_z4G4*,16.7401
30753.0000,2|3H4)2H,a3F4p_z4G4*,1.0019
31689.8000,2|3G4)4G,a3F4p_z4G4*,0.1169
31765.0100,2|3G4)4G,a3F4p_z4G4*,14.8101
31862.8400,2|3G4)4G,a3F4p_z4G4*,2.0602
32529.6400,1|4F3),a3F4p_z4G4*,4.4834
32547.2700,1|4F3),a3F4p_z4G4*,2.9929
33028.2700,1|2F3),a3F4p_z4G4*,5.7820
34164.6000,2|3F4)4F,a3F4p_z4G4*,19.2873
34215.3700,2|3F4)4F,a3F4p_z4G4*,69.0496
35085.4400,2|3H4)4H,a3F4p_z4G4*,20.8119
35165.1400,2|3H4)4H,a3F4p_z4G4*,0.0147
35227.1600,2|3H4)4H,a3F4p_z4G4*,8.5653
35240.6500,1|2I5),a3F4p_z4G4*,0.1481
40350.2500,1|4D5),a3F4p_z4G4*,0.0236
44864.6200,1|4G5),a3F4p_z4G4*,3.4928
44866.1200,1|4G5),a3F4p_z4G4*,1.3920
44871.8500,1|4G5),a3F4p_z4G4*,3.4556
45359.9400,2|5D4)4D,a3F4p_z4G4*,0.2962
52887.5100,2|5D4)6D,a3F4p_z4G4*,0.0001
53080.0900,2|5D4)6D,a3F4p_z4G4*,0.0003
3020.5500,2|1G2)2G,a3F4p_z4G5*,0.0000
10841.8900,2|3F2)4F,a3F4p_z4G5*,0.0534
11786.4900,3|4F3)4F,a3F4p_z4G5*,0.0197
13388.4900,1|2G3),a3F4p_z4G5*,0.0013
25481.1700,2|1I4)2I,a3F4p_z4G5*,0.0007
25507.3800,2|1I4)2I,a3F4p_z4G5*,0.0053
25885.1200,2|1G4)2G,a3F4p_z4G5*,0.0233
27146.4900,2|3G4)2G,a3F4p_z4G5*,0.0073
29436.9600,1|2G5),a3F4p_z4G5*,0.0134
30002.0100,1|2H3),a3F4p_z4G5*,0.2241
30099.1500,1|2H3),a3F4p_z4G5*,0.0010
30896.5500,2|3H4)2H,a3F4p_z4G5*,0.0023
31078.5500,2|3H4)2H,a3F4p_z4G5*,0.0775
32015.3500,2|3G4)4G,a3F4p_z4G5*,32.5345
32090.5600,2|3G4)4G,a3F4p_z4G5*,5.3676
32855.1900,1|4F3),a3F4p_z4G5*,9.3286
34490.1500,2|3F4)4F,a3F4p_z4G5*,129.2343
35317.6700,2|3H4)4H,a3F4p_z4G5*,38.0962
35410.9900,2|3H4)4H,a3F4p_z4G5*,0.0298
35490.6900,2|3H4)4H,a3F4p_z4G5*,0.1360
35559.6700,1|2I5),a3F4p_z4G5*,0.2750
35566.2000,1|2I5),a3F4p_z4G5*,0.0140
45190.1700,1|4G5),a3F4p_z4G5*,2.2236
45197.4000,1|4G5),a3F4p_z4G5*,11.0521
53213.0600,2|5D4)6D,a3F4p_z4G5*,0.0033
2841.2600,2|1G2)2G,a3F4p_z4G5*,0.0000
2853.9800,2|1G2)2G,3H4p__z2G3*,0.0000
5965.2700,2|3F2)2F,3H4p__z2G3*,0.0080
5972.8300,2|3F2)2F,3H4p__z2G3*,0.0005
10519.8300,2|3P2)4P,3H4p__z2G3*,0.0000
10654.9600,2|3F2)4F,3H4p__z2G3*,0.0009
10659.3900,2|3F2)4F,3H4p__z2G3*,0.0055
10675.3200,2|3F2)4F,3H4p__z2G3*,0.0000
11619.9200,3|4F3)4F,3H4p__z2G3*,0.0001
11976.6500,3|4F3)4F,3H4p__z2G3*,0.0006
12271.8400,3|4F3)4F,3H4p__z2G3*,0.0057
13221.9200,1|2G3),3H4p__z2G3*,0.0001
13245.1200,1|2G3),3H4p__z2G3*,0.0634
14855.3100,2|1F4)2F,3H4p__z2G3*,0.0103
14875.6900,2|1F4)2F,3H4p__z2G3*,0.0016
18188.4900,1|2D3),3H4p__z2G3*,0.0019
19812.3500,2|1D4)2D,3H4p__z2G3*,0.0062
22644.9400,2|3D4)2D,3H4p__z2G3*,0.0464
25665.8600,1|2F5),3H4p__z2G3*,0.0879
25718.5500,2|1G4)2G,3H4p__z2G3*,0.0329
25800.8400,1|2F5),3H4p__z2G3*,0.0007
25859.1800,1|2F5),3H4p__z2G3*,0.2504
26979.9200,2|3G4)2G,3H4p__z2G3*,0.0185
27034.0000,2|3G4)2G,3H4p__z2G3*,4.9136
27228.0700,2|3D4)4D,3H4p__z2G3*,0.0025
27273.3400,2|3D4)4D,3H4p__z2G3*,0.0003
29270.3900,1|2G5),3H4p__z2G3*,0.2318
29441.3500,1|2G5),3H4p__z2G3*,5.4771
29932.5800,1|2H3),3H4p__z2G3*,19.4660
29935.4300,2|3F4)2F,3H4p__z2G3*,0.3041
29973.7300,2|3F4)2F,3H4p__z2G3*,39.0230
30911.9800,2|3H4)2H,3H4p__z2G3*,51.0872
31923.9900,2|3G4)4G,3H4p__z2G3*,2.4044
32021.8200,2|3G4)4G,3H4p__z2G3*,2.6502
32124.9400,2|3G4)4G,3H4p__z2G3*,6.6216
32687.9800,1|4F3),3H4p__z2G3*,5.6371
32688.6200,1|4F3),3H4p__z2G3*,0.0528
32706.2500,1|4F3),3H4p__z2G3*,1.0786
32939.5300,1|2F3),3H4p__z2G3*,5.6521
33187.2500,1|2F3),3H4p__z2G3*,0.4346
34192.0300,1|2D5),3H4p__z2G3*,9.5214
34323.5800,2|3F4)4F,3H4p__z2G3*,0.2731
34374.3500,2|3F4)4F,3H4p__z2G3*,4.9274
34425.5400,2|3F4)4F,3H4p__z2G3*,16.4305
34678.4700,2|3P4)4P,3H4p__z2G3*,0.3495
35324.1200,2|3H4)4H,3H4p__z2G3*,2.1984
35386.1400,2|3H4)4H,3H4p__z2G3*,0.2273
40496.1700,1|4D5),3H4p__z2G3*,0.0401
40509.2300,1|4D5),3H4p__z2G3*,0.0019
43720.4100,1|4P3),3H4p__z2G3*,0.0216
45023.6000,1|4G5),3H4p__z2G3*,0.0616
45025.1000,1|4G5),3H4p__z2G3*,0.3827
45030.8700,1|4G5),3H4p__z2G3*,0.2015
45518.9200,2|5D4)4D,3H4p__z2G3*,0.0017
45745.0500,2|5D4)4D,3H4p__z2G3*,0.0001
53239.0700,2|5D4)6D,3H4p__z2G3*,0.0001
53395.1100,2|5D4)6D,3H4p__z2G3*,0.0000
2978.4100,2|1G2)2G,3H4p__z2G4*,0.0000
6109.9800,2|3F2)2F,3H4p__z2G4*,0.0071
10792.1100,2|3F2)4F,3H4p__z2G4*,0.0140
10812.4700,2|3F2)4F,3H4p__z2G4*,0.0012
11757.0700,3|4F3)4F,3H4p__z2G4*,0.0010
12113.8000,3|4F3)4F,3H4p__z2G4*,0.0093
13359.0700,1|2G3),3H4p__z2G4*,0.0439
13382.2700,1|2G3),3H4p__z2G4*,0.0003
15012.8400,2|1F4)2F,3H4p__z2G4*,0.0063
25451.7500,2|1I4)2I,3H4p__z2G4*,0.0086
25803.0100,1|2F5),3H4p__z2G4*,0.0334
25855.7000,2|1G4)2G,3H4p__z2G4*,0.5657
25996.3300,1|2F5),3H4p__z2G4*,0.0274
27117.0700,2|3G4)2G,3H4p__z2G4*,3.1633
27171.1500,2|3G4)2G,3H4p__z2G4*,0.0040
27410.4900,2|3D4)4D,3H4p__z2G4*,0.0070
29407.5400,1|2G5),3H4p__z2G4*,3.1871
29578.5000,1|2G5),3H4p__z2G4*,0.0295
29972.5900,1|2H3),3H4p__z2G4*,16.7879
30069.7300,1|2H3),3H4p__z2G4*,0.6020
30072.5800,2|3F4)2F,3H4p__z2G4*,34.6172
30867.1300,2|3H4)2H,3H4p__z2G4*,33.1085
31049.1300,2|3H4)2H,3H4p__z2G4*,2.6021
31985.9300,2|3G4)4G,3H4p__z2G4*,4.8706
32061.1400,2|3G4)4G,3H4p__z2G4*,6.9483
32158.9700,2|3G4)4G,3H4p__z2G4*,6.6846
32825.7700,1|4F3),3H4p__z2G4*,0.8837
32843.4000,1|4F3),3H4p__z2G4*,5.9453
33324.4000,1|2F3),3H4p__z2G4*,8.5069
34460.7300,2|3F4)4F,3H4p__z2G4*,5.1938
34511.5000,2|3F4)4F,3H4p__z2G4*,44.6154
35381.5700,2|3H4)4H,3H4p__z2G4*,7.1976
35461.2700,2|3H4)4H,3H4p__z2G4*,0.0044
35523.2900,2|3H4)4H,3H4p__z2G4*,1.4602
35536.7800,1|2I5),3H4p__z2G4*,0.0031
40646.3800,1|4D5),3H4p__z2G4*,0.0422
45160.7500,1|4G5),3H4p__z2G4*,1.4626
45162.2500,1|4G5),3H4p__z2G4*,0.8039
45167.9800,1|4G5),3H4p__z2G4*,0.0207
45656.0700,2|5D4)4D,3H4p__z2G4*,0.0073
53183.6400,2|5D4)6D,3H4p__z2G4*,0.0002
53376.2200,2|5D4)6D,3H4p__z2G4*,0.0005
2515.8800,2|1G2)2G,3H4p__z4I4*,0.0000
5647.4500,2|3F2)2F,3H4p__z4I4*,0.0002
10329.5800,2|3F2)4F,3H4p__z4I4*,0.0007
10349.9400,2|3F2)4F,3H4p__z4I4*,0.0000
11651.2700,3|4F3)4F,3H4p__z4I4*,0.0001
12896.5400,1|2G3),3H4p__z4I4*,0.0017
12919.7400,1|2G3),3H4p__z4I4*,0.0011
14550.3100,2|1F4)2F,3H4p__z4I4*,0.0000
24989.2200,2|1I4)2I,3H4p__z4I4*,0.0010
25340.4800,1|2F5),3H4p__z4I4*,0.0066
25393.1700,2|1G4)2G,3H4p__z4I4*,0.0256
25533.8000,1|2F5),3H4p__z4I4*,0.0167
26654.5400,2|3G4)2G,3H4p__z4I4*,0.0834
26708.6200,2|3G4)2G,3H4p__z4I4*,0.0133
26947.9600,2|3D4)4D,3H4p__z4I4*,0.0013
28945.0100,1|2G5),3H4p__z4I4*,0.1453
29115.9700,1|2G5),3H4p__z4I4*,0.0058
29510.0600,1|2H3),3H4p__z4I4*,0.5431
29607.2000,1|2H3),3H4p__z4I4*,0.9005
29610.0500,2|3F4)2F,3H4p__z4I4*,1.7094
30404.6000,2|3H4)2H,3H4p__z4I4*,1.2130
30586.6000,2|3H4)2H,3H4p__z4I4*,0.8293
31523.4000,2|3G4)4G,3H4p__z4I4*,0.0056
31598.6100,2|3G4)4G,3H4p__z4I4*,0.1831
31696.4400,2|3G4)4G,3H4p__z4I4*,0.9169
32363.2400,1|4F3),3H4p__z4I4*,0.0965
32861.8700,1|2F3),3H4p__z4I4*,0.3942
33998.2000,2|3F4)4F,3H4p__z4I4*,0.3940
34048.9700,2|3F4)4F,3H4p__z4I4*,0.5891
34919.0400,2|3H4)4H,3H4p__z4I4*,0.6662
34998.7400,2|3H4)4H,3H4p__z4I4*,3.8368
35060.7600,2|3H4)4H,3H4p__z4I4*,225.8819
35074.2500,1|2I5),3H4p__z4I4*,0.0891
40183.8500,1|4D5),3H4p__z4I4*,0.0020
44698.2200,1|4G5),3H4p__z4I4*,0.0056
44699.7200,1|4G5),3H4p__z4I4*,0.8291
44705.4500,1|4G5),3H4p__z4I4*,0.1015
45193.5400,2|5D4)4D,3H4p__z4I4*,0.0103
10551.9500,2|3F2)4F,3H4p__z4I5*,0.0001
11496.5500,3|4F3)4F,3H4p__z4I5*,0.0000
13098.5500,1|2G3),3H4p__z4I5*,0.0004
25191.2300,2|1I4)2I,3H4p__z4I5*,0.0039
25217.4400,2|1I4)2I,3H4p__z4I5*,0.0000
25595.1800,2|1G4)2G,3H4p__z4I5*,0.0138
26856.5500,2|3G4)2G,3H4p__z4I5*,0.0067
29147.0200,1|2G5),3H4p__z4I5*,0.0054
29712.0700,1|2H3),3H4p__z4I5*,0.2241
29809.2100,1|2H3),3H4p__z4I5*,0.1054
30606.6100,2|3H4)2H,3H4p__z4I5*,0.0820
30788.6100,2|3H4)2H,3H4p__z4I5*,0.2911
31725.4100,2|3G4)4G,3H4p__z4I5*,0.0064
31800.6200,2|3G4)4G,3H4p__z4I5*,1.3648
32565.2500,1|4F3),3H4p__z4I5*,0.0137
34200.2100,2|3F4)4F,3H4p__z4I5*,0.0177
35027.7300,2|3H4)4H,3H4p__z4I5*,0.1805
35121.0500,2|3H4)4H,3H4p__z4I5*,2.7189
35200.7500,2|3H4)4H,3H4p__z4I5*,238.9414
35269.7300,1|2I5),3H4p__z4I5*,0.0253
35276.2600,1|2I5),3H4p__z4I5*,0.0130
44900.2300,1|4G5),3H4p__z4I5*,0.9619
44907.4600,1|4G5),3H4p__z4I5*,0.0045
25389.6600,2|1I4)2I,3H4p__z4I6*,0.0000
25415.8700,2|1I4)2I,3H4p__z4I6*,0.0049
29910.5000,1|2H3),3H4p__z4I6*,0.0964
30805.0400,2|3H4)2H,3H4p__z4I6*,0.2640
31923.8400,2|3G4)4G,3H4p__z4I6*,1.2152
35226.1600,2|3H4)4H,3H4p__z4I6*,0.9551
35319.4800,2|3H4)4H,3H4p__z4I6*,244.1065
35468.1600,1|2I5),3H4p__z4I6*,0.0273
35474.6900,1|2I5),3H4p__z4I6*,0.1586
45105.8900,1|4G5),3H4p__z4I6*,0.7884
25610.4400,2|1I4)2I,3H4p__z4I7*,0.0011
35420.7300,2|3H4)4H,3H4p__z4I7*,249.5249
35662.7300,1|2I5),3H4p__z4I7*,0.1734
23802.2000,2|1I4)2I,3H4p__z4H6*,0.0001
23828.4100,2|1I4)2I,3H4p__z4H6*,0.0025
28323.0400,1|2H3),3H4p__z4H6*,0.1713
29217.5800,2|3H4)2H,3H4p__z4H6*,0.9043
30336.3800,2|3G4)4G,3H4p__z4H6*,20.6818
33638.7000,2|3H4)4H,3H4p__z4H6*,178.5292
33732.0200,2|3H4)4H,3H4p__z4H6*,0.1628
33880.7000,1|2I5),3H4p__z4H6*,0.1407
33887.2300,1|2I5),3H4p__z4H6*,0.0003
43518.4300,1|4G5),3H4p__z4H6*,31.1600
8981.1300,2|3F2)4F,3H4p__z4H5*,0.0000
9925.7300,3|4F3)4F,3H4p__z4H5*,0.0004
11527.7300,1|2G3),3H4p__z4H5*,0.0000
23620.4100,2|1I4)2I,3H4p__z4H5*,0.0006
23646.6200,2|1I4)2I,3H4p__z4H5*,0.0001
24024.3600,2|1G4)2G,3H4p__z4H5*,0.0001
25285.7300,2|3G4)2G,3H4p__z4H5*,0.0187
27576.2000,1|2G5),3H4p__z4H5*,0.0004
28141.2500,1|2H3),3H4p__z4H5*,0.0025
28238.3900,1|2H3),3H4p__z4H5*,0.0419
29035.7900,2|3H4)2H,3H4p__z4H5*,0.0422
29217.7900,2|3H4)2H,3H4p__z4H5*,0.2795
30154.5900,2|3G4)4G,3H4p__z4H5*,1.0916
30229.8000,2|3G4)4G,3H4p__z4H5*,19.0313
30994.4300,1|4F3),3H4p__z4H5*,0.9584
32629.3900,2|3F4)4F,3H4p__z4H5*,1.8832
33456.9100,2|3H4)4H,3H4p__z4H5*,7.8273
33550.2300,2|3H4)4H,3H4p__z4H5*,167.0816
33629.9300,2|3H4)4H,3H4p__z4H5*,0.6547
33698.9100,1|2I5),3H4p__z4H5*,0.0006
33705.4400,1|2I5),3H4p__z4H5*,0.1155
43329.4100,1|4G5),3H4p__z4H5*,27.7289
43336.6400,1|4G5),3H4p__z4H5*,2.1001
51352.3000,2|5D4)6D,3H4p__z4H5*,0.0001
1017.3500,2|1G2)2G,3H4p__z4H4*,0.0000
4136.2000,2|3F2)2F,3H4p__z4H4*,0.0000
8818.3300,2|3F2)4F,3H4p__z4H4*,0.0001
8838.6900,2|3F2)4F,3H4p__z4H4*,0.0000
9783.2900,3|4F3)4F,3H4p__z4H4*,0.0000
10140.0200,3|4F3)4F,3H4p__z4H4*,0.0004
11385.2900,1|2G3),3H4p__z4H4*,0.0003
11408.4900,1|2G3),3H4p__z4H4*,0.0000
13039.0600,2|1F4)2F,3H4p__z4H4*,0.0001
23477.9700,2|1I4)2I,3H4p__z4H4*,0.0001
23829.2300,1|2F5),3H4p__z4H4*,0.0001
23881.9200,2|1G4)2G,3H4p__z4H4*,0.0003
24022.5500,1|2F5),3H4p__z4H4*,0.0022
25143.2900,2|3G4)2G,3H4p__z4H4*,0.0029
25197.3700,2|3G4)2G,3H4p__z4H4*,0.0162
25436.7100,2|3D4)4D,3H4p__z4H4*,0.0000
27433.7600,1|2G5),3H4p__z4H4*,0.0013
27604.7200,1|2G5),3H4p__z4H4*,0.0018
27998.8100,1|2H3),3H4p__z4H4*,0.0371
28095.9500,1|2H3),3H4p__z4H4*,0.0008
28098.8000,2|3F4)2F,3H4p__z4H4*,0.0345
28893.3500,2|3H4)2H,3H4p__z4H4*,0.1178
29075.3500,2|3H4)2H,3H4p__z4H4*,0.0407
30012.1500,2|3G4)4G,3H4p__z4H4*,0.0586
30087.3600,2|3G4)4G,3H4p__z4H4*,1.7600
30185.1900,2|3G4)4G,3H4p__z4H4*,18.7813
30851.9900,1|4F3),3H4p__z4H4*,0.0950
30869.6200,1|4F3),3H4p__z4H4*,1.1036
32486.9500,2|3F4)4F,3H4p__z4H4*,0.0294
32537.7200,2|3F4)4F,3H4p__z4H4*,2.1991
33407.7900,2|3H4)4H,3H4p__z4H4*,12.3235
33487.4900,2|3H4)4H,3H4p__z4H4*,159.8763
33549.5100,2|3H4)4H,3H4p__z4H4*,1.1852
33563.0000,1|2I5),3H4p__z4H4*,0.0024
38672.6000,1|4D5),3H4p__z4H4*,0.0007
43186.9700,1|4G5),3H4p__z4H4*,3.0050
43188.4700,1|4G5),3H4p__z4H4*,26.2165
43194.2000,1|4G5),3H4p__z4H4*,0.0889
43682.2900,2|5D4)4D,3H4p__z4H4*,0.0039
51402.4400,2|5D4)6D,3H4p__z4H4*,0.0000
899.2400,2|1G2)2G,3H4p__z4H3*,0.0000
4023.2500,2|3F2)2F,3H4p__z4H3*,0.0000
4030.8100,2|3F2)2F,3H4p__z4H3*,0.0000
8712.9400,2|3F2)4F,3H4p__z4H3*,0.0000
8717.3700,2|3F2)4F,3H4p__z4H3*,0.0000
10034.6300,3|4F3)4F,3H4p__z4H3*,0.0000
10329.8200,3|4F3)4F,3H4p__z4H3*,0.0003
11279.9000,1|2G3),3H4p__z4H3*,0.0000
11303.1000,1|2G3),3H4p__z4H3*,0.0010
12913.2900,2|1F4)2F,3H4p__z4H3*,0.0002
12933.6700,2|1F4)2F,3H4p__z4H3*,0.0000
17870.3300,2|1D4)2D,3H4p__z4H3*,0.0000
20702.9200,2|3D4)2D,3H4p__z4H3*,0.0003
23723.8400,1|2F5),3H4p__z4H3*,0.0006
23776.5300,2|1G4)2G,3H4p__z4H3*,0.0000
23858.8200,1|2F5),3H4p__z4H3*,0.0049
23917.1600,1|2F5),3H4p__z4H3*,0.0002
25091.9800,2|3G4)2G,3H4p__z4H3*,0.0064
25286.0500,2|3D4)4D,3H4p__z4H3*,0.0000
25331.3200,2|3D4)4D,3H4p__z4H3*,0.0000
27328.3700,1|2G5),3H4p__z4H3*,0.0022
27499.3300,1|2G5),3H4p__z4H3*,0.0098
27990.5600,1|2H3),3H4p__z4H3*,0.0987
27993.4100,2|3F4)2F,3H4p__z4H3*,0.0036
28031.7100,2|3F4)2F,3H4p__z4H3*,0.1680
28969.9600,2|3H4)2H,3H4p__z4H3*,0.4382
29981.9700,2|3G4)4G,3H4p__z4H3*,0.0756
30079.8000,2|3G4)4G,3H4p__z4H3*,1.7636
30182.9200,2|3G4)4G,3H4p__z4H3*,19.9702
30745.9600,1|4F3),3H4p__z4H3*,0.6929
30746.6000,1|4F3),3H4p__z4H3*,0.0040
30764.2300,1|4F3),3H4p__z4H3*,0.1100
30997.5100,1|2F3),3H4p__z4H3*,0.0339
31245.2300,1|2F3),3H4p__z4H3*,0.0007
32250.0100,1|2D5),3H4p__z4H3*,0.1976
32381.5600,2|3F4)4F,3H4p__z4H3*,0.0014
32432.3300,2|3F4)4F,3H4p__z4H3*,0.0656
32483.5200,2|3F4)4F,3H4p__z4H3*,1.2206
32736.4500,2|3P4)4P,3H4p__z4H3*,0.0014
33382.1000,2|3H4)4H,3H4p__z4H3*,11.5060
33444.1200,2|3H4)4H,3H4p__z4H3*,160.0805
38554.1500,1|4D5),3H4p__z4H3*,0.0005
38567.2100,1|4D5),3H4p__z4H3*,0.0000
41778.3900,1|4P3),3H4p__z4H3*,0.0003
43081.5800,1|4G5),3H4p__z4H3*,0.1062
43083.0800,1|4G5),3H4p__z4H3*,2.7043
43088.8500,1|4G5),3H4p__z4H3*,26.6176
43576.9000,2|5D4)4D,3H4p__z4H3*,0.0003
43803.0300,2|5D4)4D,3H4p__z4H3*,0.0018
277.3200,3|2G3)2G,a3F4p_y4F4*,0.0000
4759.6200,2|1G2)2G,a3F4p_y4F4*,0.0000
7878.4700,2|3F2)2F,a3F4p_y4F4*,0.0004
12560.6000,2|3F2)4F,a3F4p_y4F4*,0.0010
12580.9600,2|3F2)4F,a3F4p_y4F4*,0.0548
13525.5600,3|4F3)4F,a3F4p_y4F4*,0.0475
13882.2900,3|4F3)4F,a3F4p_y4F4*,0.0178
15127.5600,1|2G3),a3F4p_y4F4*,0.0111
15150.7600,1|2G3),a3F4p_y4F4*,0.0002
16781.3300,2|1F4)2F,a3F4p_y4F4*,0.0014
27220.2400,2|1I4)2I,a3F4p_y4F4*,0.0005
27571.5000,1|2F5),a3F4p_y4F4*,0.0335
27624.1900,2|1G4)2G,a3F4p_y4F4*,0.0007
27764.8200,1|2F5),a3F4p_y4F4*,0.0199
28885.5600,2|3G4)2G,a3F4p_y4F4*,0.0571
28939.6400,2|3G4)2G,a3F4p_y4F4*,0.0002
29178.9800,2|3D4)4D,a3F4p_y4F4*,1.1142
31176.0300,1|2G5),a3F4p_y4F4*,0.0268
31346.9900,1|2G5),a3F4p_y4F4*,0.0013
31741.0800,1|2H3),a3F4p_y4F4*,0.3286
31838.2200,1|2H3),a3F4p_y4F4*,0.0268
31841.0700,2|3F4)2F,a3F4p_y4F4*,0.0018
32635.6200,2|3H4)2H,a3F4p_y4F4*,1.5749
32817.6200,2|3H4)2H,a3F4p_y4F4*,0.0521
33754.4200,2|3G4)4G,a3F4p_y4F4*,6.1358
33829.6300,2|3G4)4G,a3F4p_y4F4*,3.9476
33927.4600,2|3G4)4G,a3F4p_y4F4*,0.1110
34594.2600,1|4F3),a3F4p_y4F4*,52.0328
34611.8900,1|4F3),a3F4p_y4F4*,1.0018
35092.8900,1|2F3),a3F4p_y4F4*,0.3414
36229.2200,2|3F4)4F,a3F4p_y4F4*,145.2904
36279.9900,2|3F4)4F,a3F4p_y4F4*,15.3693
37150.0600,2|3H4)4H,a3F4p_y4F4*,11.0489
37229.7600,2|3H4)4H,a3F4p_y4F4*,0.3841
37291.7800,2|3H4)4H,a3F4p_y4F4*,0.0056
37305.2700,1|2I5),a3F4p_y4F4*,0.0302
42414.8700,1|4D5),a3F4p_y4F4*,0.8570
46929.2400,1|4G5),a3F4p_y4F4*,22.1915
46930.7400,1|4G5),a3F4p_y4F4*,1.3553
46936.4700,1|4G5),a3F4p_y4F4*,64.6919
47424.5600,2|5D4)4D,a3F4p_y4F4*,18.4534
54952.1300,2|5D4)6D,a3F4p_y4F4*,0.0003
55144.7100,2|5D4)6D,a3F4p_y4F4*,0.0052
537.0300,3|2G3)2G,a3F4p_y4F3*,0.0000
1136.7600,3|4P3)4P,a3F4p_y4F3*,0.0000
4691.8400,2|1G2)2G,a3F4p_y4F3*,0.0000
7815.8500,2|3F2)2F,a3F4p_y4F3*,0.0001
7823.4100,2|3F2)2F,a3F4p_y4F3*,0.0000
12370.4100,2|3P2)4P,a3F4p_y4F3*,0.0002
12505.5400,2|3F2)4F,a3F4p_y4F3*,0.0620
12509.9700,2|3F2)4F,a3F4p_y4F3*,0.0069
12525.9000,2|3F2)4F,a3F4p_y4F3*,0.0081
13470.5000,3|4F3)4F,a3F4p_y4F3*,0.0000
13827.2300,3|4F3)4F,a3F4p_y4F3*,0.0313
14122.4200,3|4F3)4F,a3F4p_y4F3*,0.0546
15072.5000,1|2G3),a3F4p_y4F3*,0.0001
15095.7000,1|2G3),a3F4p_y4F3*,0.0036
16705.8900,2|1F4)2F,a3F4p_y4F3*,0.0005
16726.2700,2|1F4)2F,a3F4p_y4F3*,0.0027
20039.0700,1|2D3),a3F4p_y4F3*,0.0005
24495.5200,2|3D4)2D,a3F4p_y4F3*,0.0027
27516.4400,1|2F5),a3F4p_y4F3*,0.0007
27569.1300,2|1G4)2G,a3F4p_y4F3*,0.0075
27651.4200,1|2F5),a3F4p_y4F3*,0.0275
27709.7600,1|2F5),a3F4p_y4F3*,0.0085
28830.5000,2|3G4)2G,a3F4p_y4F3*,0.0066
28884.5800,2|3G4)2G,a3F4p_y4F3*,0.0002
29078.6500,2|3D4)4D,a3F4p_y4F3*,0.5936
29123.9200,2|3D4)4D,a3F4p_y4F3*,0.0457
31120.9700,1|2G5),a3F4p_y4F3*,0.0032
31291.9300,1|2G5),a3F4p_y4F3*,0.0014
31783.1600,1|2H3),a3F4p_y4F3*,0.0069
31786.0100,2|3F4)2F,a3F4p_y4F3*,0.2964
31824.3100,2|3F4)2F,a3F4p_y4F3*,0.1123
32762.5600,2|3H4)2H,a3F4p_y4F3*,0.2761
33774.5700,2|3G4)4G,a3F4p_y4F3*,8.5489
33872.4000,2|3G4)4G,a3F4p_y4F3*,6.2695
33975.5200,2|3G4)4G,a3F4p_y4F3*,0.2653
34538.5600,1|4F3),a3F4p_y4F3*,0.0016
34539.2000,1|4F3),a3F4p_y4F3*,4.7839
34556.8300,1|4F3),a3F4p_y4F3*,36.7601
34790.1100,1|2F3),a3F4p_y4F3*,0.0032
35037.8300,1|2F3),a3F4p_y4F3*,0.4044
36042.6100,1|2D5),a3F4p_y4F3*,0.2706
36174.1600,2|3F4)4F,a3F4p_y4F3*,25.6901
36224.9300,2|3F4)4F,a3F4p_y4F3*,96.5615
36276.1200,2|3F4)4F,a3F4p_y4F3*,9.6875
36529.0500,2|3P4)4P,a3F4p_y4F3*,2.2851
37174.7000,2|3H4)4H,a3F4p_y4F3*,44.6420
37236.7200,2|3H4)4H,a3F4p_y4F3*,3.1287
42346.7500,1|4D5),a3F4p_y4F3*,2.3276
42359.8100,1|4D5),a3F4p_y4F3*,0.0693
45570.9900,1|4P3),a3F4p_y4F3*,0.5749
46874.1800,1|4G5),a3F4p_y4F3*,31.9673
46875.6800,1|4G5),a3F4p_y4F3*,57.9701
46881.4500,1|4G5),a3F4p_y4F3*,3.9005
47369.5000,2|5D4)4D,a3F4p_y4F3*,1.8164
47595.6300,2|5D4)4D,a3F4p_y4F3*,12.9310
54897.0700,2|5D4)6D,a3F4p_y4F3*,0.0001
55089.6500,2|5D4)6D,a3F4p_y4F3*,0.0001
55245.6900,2|5D4)6D,a3F4p_y4F3*,0.0044
67393.5100,1|6S5),a3F4p_y4F3*,0.0001
813.7000,3|4P3)4P,a3F4p_y4F1*,0.0000
1060.0600,3|4P3)4P,a3F4p_y4F1*,0.0000
1187.8700,3|4P3)4P,a3F4p_y4F1*,0.0000
3662.9600,1|2P3),a3F4p_y4F1*,0.0013
3692.4900,1|2P3),a3F4p_y4F1*,0.0013
7492.7900,2|3F2)2F,a3F4p_y4F1*,0.0005
7543.7200,2|3P2)2P,a3F4p_y4F1*,0.0001
7940.0900,2|3P2)2P,a3F4p_y4F1*,0.0088
11444.2400,2|3P2)4P,a3F4p_y4F1*,0.0012
11671.7100,2|3P2)4P,a3F4p_y4F1*,0.0007
12047.3500,2|3P2)4P,a3F4p_y4F1*,0.0017
12186.9100,2|3F2)4F,a3F4p_y4F1*,0.0005
12201.8300,2|3F2)4F,a3F4p_y4F1*,0.0076
14019.1000,3|4F3)4F,a3F4p_y4F1*,0.0108
16382.8300,2|1F4)2F,a3F4p_y4F1*,0.0085
19697.9200,1|2D3),a3F4p_y4F1*,0.1000
19716.0100,1|2D3),a3F4p_y4F1*,0.0937
21339.8700,2|1D4)2D,a3F4p_y4F1*,0.3429
21401.0800,2|1D4)2D,a3F4p_y4F1*,0.1186
22763.3600,1|2S5),a3F4p_y4F1*,0.3691
24083.8300,2|3D4)2D,a3F4p_y4F1*,0.8210
24172.4600,2|3D4)2D,a3F4p_y4F1*,0.0564
26655.3600,2|1S4)2S,a3F4p_y4F1*,2.0126
27328.3600,1|2F5),a3F4p_y4F1*,1.1483
28674.2200,2|3D4)4D,a3F4p_y4F1*,0.0698
28708.0200,2|3D4)4D,a3F4p_y4F1*,0.1399
28755.5900,2|3D4)4D,a3F4p_y4F1*,0.0240
31501.2500,2|3F4)2F,a3F4p_y4F1*,8.5162
31714.5600,2|3P4)2P,a3F4p_y4F1*,103.3323
32411.1300,2|3P4)2P,a3F4p_y4F1*,14.3700
33652.4600,2|3G4)4G,a3F4p_y4F1*,2.2964
34215.5000,1|4F3),a3F4p_y4F1*,0.3238
34225.6900,1|4F3),a3F4p_y4F1*,4.7889
34467.0500,1|2F3),a3F4p_y4F1*,3.4308
35539.2100,1|2D5),a3F4p_y4F1*,1.2617
35719.5500,1|2D5),a3F4p_y4F1*,30.1676
35953.0600,2|3F4)4F,a3F4p_y4F1*,7.9636
35987.5100,2|3F4)4F,a3F4p_y4F1*,11.2842
36205.9900,2|3P4)4P,a3F4p_y4F1*,4.1560
36763.0100,2|3P4)4P,a3F4p_y4F1*,2.7494
37118.5700,2|3P4)4P,a3F4p_y4F1*,0.8085
42023.6900,1|4D5),a3F4p_y4F1*,0.7514
42027.6400,1|4D5),a3F4p_y4F1*,0.0008
42035.0500,1|4D5),a3F4p_y4F1*,0.3507
45246.3400,1|4P3),a3F4p_y4F1*,0.3883
45246.6100,1|4P3),a3F4p_y4F1*,4.1274
45247.9300,1|4P3),a3F4p_y4F1*,4.0368
46558.3900,1|4G5),a3F4p_y4F1*,12.0683
47272.5700,2|5D4)4D,a3F4p_y4F1*,0.0129
47439.2800,2|5D4)4D,a3F4p_y4F1*,0.9200
47542.2000,2|5D4)4D,a3F4p_y4F1*,1.9817
55108.6400,2|5D4)6D,a3F4p_y4F1*,0.0002
67070.4500,1|6S5),a3F4p_y4F1*,0.0002
155.6200,3|2G3)2G,a3F4p_y4F2*,0.0000
755.3500,3|4P3)4P,a3F4p_y4F2*,0.0000
1001.7100,3|4P3)4P,a3F4p_y4F2*,0.0000
3634.1400,1|2P3),a3F4p_y4F2*,0.0021
4310.4300,2|1G2)2G,a3F4p_y4F2*,0.0000
7434.4400,2|3F2)2F,a3F4p_y4F2*,0.0004
7442.0000,2|3F2)2F,a3F4p_y4F2*,0.0019
7881.7400,2|3P2)2P,a3F4p_y4F2*,0.0022
11613.3600,2|3P2)4P,a3F4p_y4F2*,0.0000
11989.0000,2|3P2)4P,a3F4p_y4F2*,0.0006
12124.1300,2|3F2)4F,a3F4p_y4F2*,0.0023
12128.5600,2|3F2)4F,a3F4p_y4F2*,0.0039
12143.4800,2|3F2)4F,a3F4p_y4F2*,0.0038
13445.8200,3|4F3)4F,a3F4p_y4F2*,0.0001
13741.0100,3|4F3)4F,a3F4p_y4F2*,0.0153
13960.7500,3|4F3)4F,a3F4p_y4F2*,0.0000
14714.2900,1|2G3),a3F4p_y4F2*,0.0022
16324.4800,2|1F4)2F,a3F4p_y4F2*,0.0030
16344.8600,2|1F4)2F,a3F4p_y4F2*,0.0487
19639.5700,1|2D3),a3F4p_y4F2*,0.0427
19657.6600,1|2D3),a3F4p_y4F2*,0.2619
21281.5200,2|1D4)2D,a3F4p_y4F2*,0.6154
21342.7300,2|1D4)2D,a3F4p_y4F2*,0.0044
24025.4800,2|3D4)2D,a3F4p_y4F2*,0.2367
24114.1100,2|3D4)2D,a3F4p_y4F2*,5.0679
27135.0300,1|2F5),a3F4p_y4F2*,5.7797
27270.0100,1|2F5),a3F4p_y4F2*,0.3553
27328.3500,1|2F5),a3F4p_y4F2*,2.9274
28503.1700,2|3G4)2G,a3F4p_y4F2*,0.0545
28649.6700,2|3D4)4D,a3F4p_y4F2*,0.2648
28697.2400,2|3D4)4D,a3F4p_y4F2*,0.0018
28742.5100,2|3D4)4D,a3F4p_y4F2*,0.6558
30910.5200,1|2G5),a3F4p_y4F2*,0.0152
31404.6000,2|3F4)2F,a3F4p_y4F2*,51.9163
31442.9000,2|3F4)2F,a3F4p_y4F2*,4.6389
31656.2100,2|3P4)2P,a3F4p_y4F2*,14.2746
33490.9900,2|3G4)4G,a3F4p_y4F2*,2.9428
33594.1100,2|3G4)4G,a3F4p_y4F2*,0.2633
34157.1500,1|4F3),a3F4p_y4F2*,2.1049
34167.3400,1|4F3),a3F4p_y4F2*,3.0668
34175.4200,1|4F3),a3F4p_y4F2*,2.0748
34408.7000,1|2F3),a3F4p_y4F2*,3.1275
34656.4200,1|2F3),a3F4p_y4F2*,0.0886
35480.8600,1|2D5),a3F4p_y4F2*,3.0408
35661.2000,1|2D5),a3F4p_y4F2*,20.0946
35843.5200,2|3F4)4F,a3F4p_y4F2*,10.2007
35894.7100,2|3F4)4F,a3F4p_y4F2*,9.0016
35929.1600,2|3F4)4F,a3F4p_y4F2*,8.0421
36147.6400,2|3P4)4P,a3F4p_y4F2*,40.5338
36704.6600,2|3P4)4P,a3F4p_y4F2*,5.6647
36855.3100,2|3H4)4H,a3F4p_y4F2*,2.5406
41965.3400,1|4D5),a3F4p_y4F2*,1.4898
41969.2900,1|4D5),a3F4p_y4F2*,0.8479
41978.4000,1|4D5),a3F4p_y4F2*,2.9206
45187.9900,1|4P3),a3F4p_y4F2*,1.0285
45189.5800,1|4P3),a3F4p_y4F2*,4.7871
46494.2700,1|4G5),a3F4p_y4F2*,19.0378
46500.0400,1|4G5),a3F4p_y4F2*,0.0822
46988.0900,2|5D4)4D,a3F4p_y4F2*,4.8453
47214.2200,2|5D4)4D,a3F4p_y4F2*,0.0004
47380.9300,2|5D4)4D,a3F4p_y4F2*,4.0601
54708.2400,2|5D4)6D,a3F4p_y4F2*,0.0002
54864.2800,2|5D4)6D,a3F4p_y4F2*,0.0007
54979.5200,2|5D4)6D,a3F4p_y4F2*,0.0005
67012.1000,1|6S5),a3F4p_y4F2*,0.0014
4680.1900,2|1G2)2G,3H4p__y4G5*,0.0000
12501.5300,2|3F2)4F,3H4p__y4G5*,0.1020
13446.1300,3|4F3)4F,3H4p__y4G5*,0.0771
15048.1300,1|2G3),3H4p__y4G5*,0.0003
27140.8100,2|1I4)2I,3H4p__y4G5*,0.0486
27167.0200,2|1I4)2I,3H4p__y4G5*,0.0022
27544.7600,2|1G4)2G,3H4p__y4G5*,0.0287
28806.1300,2|3G4)2G,3H4p__y4G5*,0.0448
31096.6000,1|2G5),3H4p__y4G5*,0.0010
31661.6500,1|2H3),3H4p__y4G5*,0.7268
31758.7900,1|2H3),3H4p__y4G5*,0.4832
32556.1900,2|3H4)2H,3H4p__y4G5*,0.0122
32738.1900,2|3H4)2H,3H4p__y4G5*,1.7265
33674.9900,2|3G4)4G,3H4p__y4G5*,5.9742
33750.2000,2|3G4)4G,3H4p__y4G5*,0.0101
34514.8300,1|4F3),3H4p__y4G5*,37.8398
36149.7900,2|3F4)4F,3H4p__y4G5*,38.1311
36977.3100,2|3H4)4H,3H4p__y4G5*,153.5494
37070.6300,2|3H4)4H,3H4p__y4G5*,12.4801
37150.3300,2|3H4)4H,3H4p__y4G5*,0.9847
37219.3100,1|2I5),3H4p__y4G5*,0.7358
37225.8400,1|2I5),3H4p__y4G5*,0.1533
46849.8100,1|4G5),3H4p__y4G5*,6.4915
46857.0400,1|4G5),3H4p__y4G5*,135.2500
54872.7000,2|5D4)6D,3H4p__y4G5*,0.0002
182.0400,3|2G3)2G,3H4p__y4G4*,0.0000
4651.6200,2|1G2)2G,3H4p__y4G4*,0.0000
4664.3400,2|1G2)2G,3H4p__y4G4*,0.0000
7783.1900,2|3F2)2F,3H4p__y4G4*,0.0000
12465.3200,2|3F2)4F,3H4p__y4G4*,0.0897
12485.6800,2|3F2)4F,3H4p__y4G4*,0.0049
13430.2800,3|4F3)4F,3H4p__y4G4*,0.0088
13787.0100,3|4F3)4F,3H4p__y4G4*,0.0791
15032.2800,1|2G3),3H4p__y4G4*,0.0001
15055.4800,1|2G3),3H4p__y4G4*,0.0001
16686.0500,2|1F4)2F,3H4p__y4G4*,0.0006
27124.9600,2|1I4)2I,3H4p__y4G4*,0.0000
27476.2200,1|2F5),3H4p__y4G4*,0.0329
27528.9100,2|1G4)2G,3H4p__y4G4*,0.0073
27669.5400,1|2F5),3H4p__y4G4*,0.0005
28790.2800,2|3G4)2G,3H4p__y4G4*,0.0317
28844.3600,2|3G4)2G,3H4p__y4G4*,0.0057
29083.7000,2|3D4)4D,3H4p__y4G4*,0.2325
31080.7500,1|2G5),3H4p__y4G4*,0.0447
31251.7100,1|2G5),3H4p__y4G4*,0.0018
31645.8000,1|2H3),3H4p__y4G4*,0.2023
31742.9400,1|2H3),3H4p__y4G4*,0.1848
31745.7900,2|3F4)2F,3H4p__y4G4*,0.9238
32540.3400,2|3H4)2H,3H4p__y4G4*,0.0890
32722.3400,2|3H4)2H,3H4p__y4G4*,0.0033
33659.1400,2|3G4)4G,3H4p__y4G4*,0.0002
33734.3500,2|3G4)4G,3H4p__y4G4*,7.4804
33832.1800,2|3G4)4G,3H4p__y4G4*,0.0048
34498.9800,1|4F3),3H4p__y4G4*,0.1228
34516.6100,1|4F3),3H4p__y4G4*,36.1506
34997.6100,1|2F3),3H4p__y4G4*,0.7890
36133.9400,2|3F4)4F,3H4p__y4G4*,1.0638
36184.7100,2|3F4)4F,3H4p__y4G4*,37.5344
37054.7800,2|3H4)4H,3H4p__y4G4*,149.1857
37134.4800,2|3H4)4H,3H4p__y4G4*,18.5714
37196.5000,2|3H4)4H,3H4p__y4G4*,0.7839
37209.9900,1|2I5),3H4p__y4G4*,0.3848
42319.5900,1|4D5),3H4p__y4G4*,0.4115
46833.9600,1|4G5),3H4p__y4G4*,107.6839
46835.4600,1|4G5),3H4p__y4G4*,9.8550
46841.1900,1|4G5),3H4p__y4G4*,26.9535
47329.2800,2|5D4)4D,3H4p__y4G4*,0.9074
55049.4300,2|5D4)6D,3H4p__y4G4*,0.0005
487.5500,3|2G3)2G,3H4p__y4G2*,0.0000
1087.2800,3|4P3)4P,3H4p__y4G2*,0.0000
1333.6400,3|4P3)4P,3H4p__y4G2*,0.0000
3966.0700,1|2P3),3H4p__y4G2*,0.0001
4642.3600,2|1G2)2G,3H4p__y4G2*,0.0000
7766.3700,2|3F2)2F,3H4p__y4G2*,0.0001
7773.9300,2|3F2)2F,3H4p__y4G2*,0.0001
8213.6700,2|3P2)2P,3H4p__y4G2*,0.0001
11945.2900,2|3P2)4P,3H4p__y4G2*,0.0000
12320.9300,2|3P2)4P,3H4p__y4G2*,0.0000
12456.0600,2|3F2)4F,3H4p__y4G2*,0.0009
12460.4900,2|3F2)4F,3H4p__y4G2*,0.0170
12475.4100,2|3F2)4F,3H4p__y4G2*,0.0849
13777.7500,3|4F3)4F,3H4p__y4G2*,0.0011
14072.9400,3|4F3)4F,3H4p__y4G2*,0.0078
14292.6800,3|4F3)4F,3H4p__y4G2*,0.0980
15046.2200,1|2G3),3H4p__y4G2*,0.0025
16656.4100,2|1F4)2F,3H4p__y4G2*,0.0015
16676.7900,2|1F4)2F,3H4p__y4G2*,0.0035
19971.5000,1|2D3),3H4p__y4G2*,0.0027
19989.5900,1|2D3),3H4p__y4G2*,0.0158
21613.4500,2|1D4)2D,3H4p__y4G2*,0.0239
21674.6600,2|1D4)2D,3H4p__y4G2*,0.0061
24357.4100,2|3D4)2D,3H4p__y4G2*,0.0905
24446.0400,2|3D4)2D,3H4p__y4G2*,0.1600
27466.9600,1|2F5),3H4p__y4G2*,0.2104
27601.9400,1|2F5),3H4p__y4G2*,0.0201
27660.2800,1|2F5),3H4p__y4G2*,0.2124
28835.1000,2|3G4)2G,3H4p__y4G2*,0.3018
28981.6000,2|3D4)4D,3H4p__y4G2*,0.0202
29029.1700,2|3D4)4D,3H4p__y4G2*,0.0265
29074.4400,2|3D4)4D,3H4p__y4G2*,0.0028
31242.4500,1|2G5),3H4p__y4G2*,0.1393
31736.5300,2|3F4)2F,3H4p__y4G2*,2.0759
31774.8300,2|3F4)2F,3H4p__y4G2*,0.0166
31988.1400,2|3P4)2P,3H4p__y4G2*,0.9572
33822.9200,2|3G4)4G,3H4p__y4G2*,1.6539
33926.0400,2|3G4)4G,3H4p__y4G2*,15.2410
34489.0800,1|4F3),3H4p__y4G2*,1.3719
34499.2700,1|4F3),3H4p__y4G2*,26.6703
34507.3500,1|4F3),3H4p__y4G2*,0.0700
34740.6300,1|2F3),3H4p__y4G2*,0.9077
34988.3500,1|2F3),3H4p__y4G2*,0.0814
35812.7900,1|2D5),3H4p__y4G2*,1.8219
35993.1300,1|2D5),3H4p__y4G2*,0.6054
36175.4500,2|3F4)4F,3H4p__y4G2*,0.1438
36226.6400,2|3F4)4F,3H4p__y4G2*,1.1213
36261.0900,2|3F4)4F,3H4p__y4G2*,17.5138
36479.5700,2|3P4)4P,3H4p__y4G2*,0.7681
37036.5900,2|3P4)4P,3H4p__y4G2*,0.0097
37187.2400,2|3H4)4H,3H4p__y4G2*,181.1738
42297.2700,1|4D5),3H4p__y4G2*,0.0000
42301.2200,1|4D5),3H4p__y4G2*,0.4270
42310.3300,1|4D5),3H4p__y4G2*,0.0312
45519.9200,1|4P3),3H4p__y4G2*,0.0094
45521.5100,1|4P3),3H4p__y4G2*,0.1780
46826.2000,1|4G5),3H4p__y4G2*,17.8408
46831.9700,1|4G5),3H4p__y4G2*,128.7812
47320.0200,2|5D4)4D,3H4p__y4G2*,0.0400
47546.1500,2|5D4)4D,3H4p__y4G2*,0.0290
162.5800,3|2G3)2G,3H4p__y4G3*,0.0000
1077.0800,3|4P3)4P,3H4p__y4G3*,0.0000
4632.1600,2|1G2)2G,3H4p__y4G3*,0.0000
4644.8800,2|1G2)2G,3H4p__y4G3*,0.0000
7756.1700,2|3F2)2F,3H4p__y4G3*,0.0000
7763.7300,2|3F2)2F,3H4p__y4G3*,0.0000
12445.8600,2|3F2)4F,3H4p__y4G3*,0.0008
12450.2900,2|3F2)4F,3H4p__y4G3*,0.0806
12466.2200,2|3F2)4F,3H4p__y4G3*,0.0002
13410.8200,3|4F3)4F,3H4p__y4G3*,0.0008
13767.5500,3|4F3)4F,3H4p__y4G3*,0.0315
14062.7400,3|4F3)4F,3H4p__y4G3*,0.0532
15012.8200,1|2G3),3H4p__y4G3*,0.0014
15036.0200,1|2G3),3H4p__y4G3*,0.0000
16646.2100,2|1F4)2F,3H4p__y4G3*,0.0004
16666.5900,2|1F4)2F,3H4p__y4G3*,0.0002
19979.3900,1|2D3),3H4p__y4G3*,0.0022
21603.2500,2|1D4)2D,3H4p__y4G3*,0.0007
24435.8400,2|3D4)2D,3H4p__y4G3*,0.0218
27456.7600,1|2F5),3H4p__y4G3*,0.0006
27509.4500,2|1G4)2G,3H4p__y4G3*,0.0100
27591.7400,1|2F5),3H4p__y4G3*,0.0030
27650.0800,1|2F5),3H4p__y4G3*,0.0034
28770.8200,2|3G4)2G,3H4p__y4G3*,0.0722
28824.9000,2|3G4)2G,3H4p__y4G3*,0.0344
29018.9700,2|3D4)4D,3H4p__y4G3*,0.4353
29064.2400,2|3D4)4D,3H4p__y4G3*,0.0769
31061.2900,1|2G5),3H4p__y4G3*,0.0208
31232.2500,1|2G5),3H4p__y4G3*,0.0419
31723.4800,1|2H3),3H4p__y4G3*,0.0699
31726.3300,2|3F4)2F,3H4p__y4G3*,0.2312
31764.6300,2|3F4)2F,3H4p__y4G3*,0.5623
32702.8800,2|3H4)2H,3H4p__y4G3*,0.0857
33714.8900,2|3G4)4G,3H4p__y4G3*,0.2010
33812.7200,2|3G4)4G,3H4p__y4G3*,6.9296
33915.8400,2|3G4)4G,3H4p__y4G3*,0.0854
34478.8800,1|4F3),3H4p__y4G3*,32.2734
34479.5200,1|4F3),3H4p__y4G3*,0.8387
34497.1500,1|4F3),3H4p__y4G3*,2.3946
34730.4300,1|2F3),3H4p__y4G3*,5.0877
34978.1500,1|2F3),3H4p__y4G3*,0.0227
35982.9300,1|2D5),3H4p__y4G3*,3.1168
36114.4800,2|3F4)4F,3H4p__y4G3*,5.3481
36165.2500,2|3F4)4F,3H4p__y4G3*,11.7228
36216.4400,2|3F4)4F,3H4p__y4G3*,44.4509
36469.3700,2|3P4)4P,3H4p__y4G3*,0.2464
37115.0200,2|3H4)4H,3H4p__y4G3*,123.3895
37177.0400,2|3H4)4H,3H4p__y4G3*,14.1794
42287.0700,1|4D5),3H4p__y4G3*,0.0260
42300.1300,1|4D5),3H4p__y4G3*,0.0682
45511.3100,1|4P3),3H4p__y4G3*,0.0028
46814.5000,1|4G5),3H4p__y4G3*,60.8205
46816.0000,1|4G5),3H4p__y4G3*,69.6655
46821.7700,1|4G5),3H4p__y4G3*,7.0631
47309.8200,2|5D4)4D,3H4p__y4G3*,0.6357
47535.9500,2|5D4)4D,3H4p__y4G3*,3.6720
55029.9700,2|5D4)6D,3H4p__y4G3*,0.0001
55186.0100,2|5D4)6D,3H4p__y4G3*,0.0014
1376.7700,3|4P3)4P,a3F4p_z2D2*,0.0000
4009.2000,1|2P3),a3F4p_z2D2*,0.0008
7809.5000,2|3F2)2F,a3F4p_z2D2*,0.0002
7817.0600,2|3F2)2F,a3F4p_z2D2*,0.0004
8256.8000,2|3P2)2P,a3F4p_z2D2*,0.0006
11988.4200,2|3P2)4P,a3F4p_z2D2*,0.0001
12364.0600,2|3P2)4P,a3F4p_z2D2*,0.0000
12499.1900,2|3F2)4F,a3F4p_z2D2*,0.0093
12503.6200,2|3F2)4F,a3F4p_z2D2*,0.0379
12518.5400,2|3F2)4F,a3F4p_z2D2*,0.0019
13820.8800,3|4F3)4F,a3F4p_z2D2*,0.0061
14116.0700,3|4F3)4F,a3F4p_z2D2*,0.0372
14335.8100,3|4F3)4F,a3F4p_z2D2*,0.0133
15089.3500,1|2G3),a3F4p_z2D2*,0.0005
16699.5400,2|1F4)2F,a3F4p_z2D2*,0.0056
16719.9200,2|1F4)2F,a3F4p_z2D2*,0.0118
20014.6300,1|2D3),a3F4p_z2D2*,0.0137
20032.7200,1|2D3),a3F4p_z2D2*,0.0745
21656.5800,2|1D4)2D,a3F4p_z2D2*,0.2352
21717.7900,2|1D4)2D,a3F4p_z2D2*,0.0007
24400.5400,2|3D4)2D,a3F4p_z2D2*,0.1004
24489.1700,2|3D4)2D,a3F4p_z2D2*,1.7527
27510.0900,1|2F5),a3F4p_z2D2*,1.9475
27645.0700,1|2F5),a3F4p_z2D2*,0.1179
27703.4100,1|2F5),a3F4p_z2D2*,1.0554
28878.2300,2|3G4)2G,a3F4p_z2D2*,0.0326
29024.7300,2|3D4)4D,a3F4p_z2D2*,0.5551
29072.3000,2|3D4)4D,a3F4p_z2D2*,0.2072
29117.5700,2|3D4)4D,a3F4p_z2D2*,0.0150
31285.5800,1|2G5),a3F4p_z2D2*,0.0106
31779.6600,2|3F4)2F,a3F4p_z2D2*,16.3187
31817.9600,2|3F4)2F,a3F4p_z2D2*,0.5658
32031.2700,2|3P4)2P,a3F4p_z2D2*,8.2347
33866.0500,2|3G4)4G,a3F4p_z2D2*,5.5548
33969.1700,2|3G4)4G,a3F4p_z2D2*,0.8296
34532.2100,1|4F3),a3F4p_z2D2*,27.8918
34542.4000,1|4F3),a3F4p_z2D2*,4.3350
34550.4800,1|4F3),a3F4p_z2D2*,6.1526
34783.7600,1|2F3),a3F4p_z2D2*,2.4934
35031.4800,1|2F3),a3F4p_z2D2*,0.0371
35855.9200,1|2D5),a3F4p_z2D2*,0.5455
36036.2600,1|2D5),a3F4p_z2D2*,0.4462
36218.5800,2|3F4)4F,a3F4p_z2D2*,29.4775
36269.7700,2|3F4)4F,a3F4p_z2D2*,88.9503
36304.2200,2|3F4)4F,a3F4p_z2D2*,22.3091
36522.7000,2|3P4)4P,a3F4p_z2D2*,1.7683
37079.7200,2|3P4)4P,a3F4p_z2D2*,1.0928
37230.3700,2|3H4)4H,a3F4p_z2D2*,2.4146
42340.4000,1|4D5),a3F4p_z2D2*,0.2642
42344.3500,1|4D5),a3F4p_z2D2*,1.1342
42353.4600,1|4D5),a3F4p_z2D2*,0.1934
45563.0500,1|4P3),a3F4p_z2D2*,0.3184
45564.6400,1|4P3),a3F4p_z2D2*,0.1447
46869.3300,1|4G5),a3F4p_z2D2*,55.4351
46875.1000,1|4G5),a3F4p_z2D2*,12.0768
47363.1500,2|5D4)4D,a3F4p_z2D2*,0.0019
47589.2800,2|5D4)4D,a3F4p_z2D2*,4.3611
47755.9900,2|5D4)4D,a3F4p_z2D2*,10.9334
55239.3400,2|5D4)6D,a3F4p_z2D2*,0.0005
55354.5800,2|5D4)6D,a3F4p_z2D2*,0.0023
1369.0800,3|4P3)4P,a3F4p_z2D1*,0.0000
3971.9800,1|2P3),a3F4p_z2D1*,0.0009
4001.5100,1|2P3),a3F4p_z2D1*,0.0000
7801.8100,2|3F2)2F,a3F4p_z2D1*,0.0003
7852.7400,2|3P2)2P,a3F4p_z2D1*,0.0002
8249.1100,2|3P2)2P,a3F4p_z2D1*,0.0011
11753.2600,2|3P2)4P,a3F4p_z2D1*,0.0001
11980.7300,2|3P2)4P,a3F4p_z2D1*,0.0002
12356.3700,2|3P2)4P,a3F4p_z2D1*,0.0002
12495.9300,2|3F2)4F,a3F4p_z2D1*,0.0110
12510.8500,2|3F2)4F,a3F4p_z2D1*,0.0368
14108.3800,3|4F3)4F,a3F4p_z2D1*,0.0118
14328.1200,3|4F3)4F,a3F4p_z2D1*,0.0429
16691.8500,2|1F4)2F,a3F4p_z2D1*,0.0153
20006.9400,1|2D3),a3F4p_z2D1*,0.0831
20025.0300,1|2D3),a3F4p_z2D1*,0.0008
21648.8900,2|1D4)2D,a3F4p_z2D1*,0.0021
21710.1000,2|1D4)2D,a3F4p_z2D1*,0.1674
23072.3800,1|2S5),a3F4p_z2D1*,0.0315
24392.8500,2|3D4)2D,a3F4p_z2D1*,1.7805
24481.4800,2|3D4)2D,a3F4p_z2D1*,0.1328
26964.3800,2|1S4)2S,a3F4p_z2D1*,0.1401
27637.3800,1|2F5),a3F4p_z2D1*,3.0848
28983.2400,2|3D4)4D,a3F4p_z2D1*,0.5069
29017.0400,2|3D4)4D,a3F4p_z2D1*,0.1597
29064.6100,2|3D4)4D,a3F4p_z2D1*,0.0152
31810.2700,2|3F4)2F,a3F4p_z2D1*,14.5410
32023.5800,2|3P4)2P,a3F4p_z2D1*,16.3143
32720.1500,2|3P4)2P,a3F4p_z2D1*,3.3777
33961.4800,2|3G4)4G,a3F4p_z2D1*,3.4908
34524.5200,1|4F3),a3F4p_z2D1*,7.5790
34534.7100,1|4F3),a3F4p_z2D1*,32.0805
34776.0700,1|2F3),a3F4p_z2D1*,0.0884
35848.2300,1|2D5),a3F4p_z2D1*,3.5581
36028.5700,1|2D5),a3F4p_z2D1*,0.0166
36262.0800,2|3F4)4F,a3F4p_z2D1*,24.9611
36296.5300,2|3F4)4F,a3F4p_z2D1*,109.5668
36515.0100,2|3P4)4P,a3F4p_z2D1*,0.1775
37072.0300,2|3P4)4P,a3F4p_z2D1*,0.5734
37427.5900,2|3P4)4P,a3F4p_z2D1*,0.4874
42332.7100,1|4D5),a3F4p_z2D1*,0.0556
42336.6600,1|4D5),a3F4p_z2D1*,0.3964
42344.0700,1|4D5),a3F4p_z2D1*,0.9070
45555.3600,1|4P3),a3F4p_z2D1*,0.1137
45555.6300,1|4P3),a3F4p_z2D1*,0.2662
45556.9500,1|4P3),a3F4p_z2D1*,0.7950
46867.4100,1|4G5),a3F4p_z2D1*,64.3726
47581.5900,2|5D4)4D,a3F4p_z2D1*,0.2059
47748.3000,2|5D4)4D,a3F4p_z2D1*,4.2605
47851.2200,2|5D4)4D,a3F4p_z2D1*,9.8520
55346.8900,2|5D4)6D,a3F4p_z2D1*,0.0006
55417.6600,2|5D4)6D,a3F4p_z2D1*,0.0004
