lower_desig,upper_desig,log_gf
1|2P3),a3P4p_y4D0*,-6.78126
1|2P3),a3P4p_y4D0*,-5.61693
2|3P2)2P,a3P4p_y4D0*,-5.38541
2|3P2)4P,a3P4p_y4D0*,-4.54385
2|3P2)4P,a3P4p_y4D0*,-5.13926
2|3F2)4F,a3P4p_y4D0*,-3.05728
3|4F3)4F,a3P4p_y4D0*,-3.37569
1|2D3),a3P4p_y4D0*,-5.28083
2|1D4)2D,a3P4p_y4D0*,-4.30335
1|2S5),a3P4p_y4D0*,-4.51028
2|3D4)2D,a3P4p_y4D0*,-4.53107
2|1S4)2S,a3P4p_y4D0*,-4.04121
2|3D4)4D,a3P4p_y4D0*,-3.46526
2|3D4)4D,a3P4p_y4D0*,-3.80846
2|3P4)2P,a3P4p_y4D0*,-3.95012
2|3P4)2P,a3P4p_y4D0*,-2.21783
1|4F3),a3P4p_y4D0*,-1.82967
1|2D5),a3P4p_y4D0*,-2.75762
2|3F4)4F,a3P4p_y4D0*,-1.33760
2|3P4)4P,a3P4p_y4D0*,-1.21765
2|3P4)4P,a3P4p_y4D0*,-.41565
1|4D5),a3P4p_y4D0*,-2.60377
1|4D5),a3P4p_y4D0*,-2.96637
1|4P3),a3P4p_y4D0*,-1.87161
1|4P3),a3P4p_y4D0*,-1.27535
2|5D4)4D,a3P4p_y4D0*,-3.41511
2|5D4)4D,a3P4p_y4D0*,-3.03851
2|5D4)6D,a3P4p_y4D0*,-6.99960
2|5D4)6D,a3P4p_y4D0*,-5.60052
1|2P3),a3P4p_y4D1*,-5.79225
2|3F2)2F,a3P4p_y4D1*,-6.54789
2|3P2)2P,a3P4p_y4D1*,-6.09222
2|3P2)2P,a3P4p_y4D1*,-5.86221
2|3P2)4P,a3P4p_y4D1*,-4.48033
2|3P2)4P,a3P4p_y4D1*,-4.28589
2|3P2)4P,a3P4p_y4D1*,-5.57366
2|3F2)4F,a3P4p_y4D1*,-2.83202
2|3F2)4F,a3P4p_y4D1*,-3.38342
3|4F3)4F,a3P4p_y4D1*,-3.21199
3|4F3)4F,a3P4p_y4D1*,-3.87559
2|1F4)2F,a3P4p_y4D1*,-5.60048
1|2D3),a3P4p_y4D1*,-5.83681
1|2D3),a3P4p_y4D1*,-5.27572
2|1D4)2D,a3P4p_y4D1*,-4.36817
2|1D4)2D,a3P4p_y4D1*,-6.55025
1|2S5),a3P4p_y4D1*,-4.53174
2|3D4)2D,a3P4p_y4D1*,-5.00175
2|3D4)2D,a3P4p_y4D1*,-4.65259
2|1S4)2S,a3P4p_y4D1*,-3.95850
1|2F5),a3P4p_y4D1*,-4.37224
2|3D4)4D,a3P4p_y4D1*,-3.45551
2|3D4)4D,a3P4p_y4D1*,-3.27549
2|3D4)4D,a3P4p_y4D1*,-3.69881
2|3F4)2F,a3P4p_y4D1*,-3.78654
2|3P4)2P,a3P4p_y4D1*,-2.77153
2|3P4)2P,a3P4p_y4D1*,-2.50001
2|3G4)4G,a3P4p_y4D1*,-3.04211
1|4F3),a3P4p_y4D1*,-1.65273
1|4F3),a3P4p_y4D1*,-2.19580
1|2F3),a3P4p_y4D1*,-2.61624
1|2D5),a3P4p_y4D1*,-3.28797
1|2D5),a3P4p_y4D1*,-2.24269
2|3F4)4F,a3P4p_y4D1*,-1.06767
2|3F4)4F,a3P4p_y4D1*,-1.73008
2|3P4)4P,a3P4p_y4D1*,-1.48564
2|3P4)4P,a3P4p_y4D1*,-.35080
2|3P4)4P,a3P4p_y4D1*,-.39270
1|4D5),a3P4p_y4D1*,-2.39915
1|4D5),a3P4p_y4D1*,-3.02960
1|4D5),a3P4p_y4D1*,-2.60797
1|4P3),a3P4p_y4D1*,-1.11108
1|4P3),a3P4p_y4D1*,-1.29771
1|4P3),a3P4p_y4D1*,-2.01375
1|4G5),a3P4p_y4D1*,-4.58081
2|5D4)4D,a3P4p_y4D1*,-3.46596
2|5D4)4D,a3P4p_y4D1*,-2.94488
2|5D4)4D,a3P4p_y4D1*,-2.89657
2|5D4)6D,a3P4p_y4D1*,-6.89770
2|5D4)6D,a3P4p_y4D1*,-6.33514
2|5D4)6D,a3P4p_y4D1*,-5.22223
1|6S5),a3P4p_y4D1*,-6.01546
1|2P3),a3P4p_y4D2*,-6.32694
2|3F2)2F,a3P4p_y4D2*,-6.29572
2|3F2)2F,a3P4p_y4D2*,-6.13940
2|3P2)2P,a3P4p_y4D2*,-6.27688
2|3P2)4P,a3P4p_y4D2*,-3.92898
2|3P2)4P,a3P4p_y4D2*,-4.19134
2|3F2)4F,a3P4p_y4D2*,-2.60837
2|3F2)4F,a3P4p_y4D2*,-3.20823
2|3F2)4F,a3P4p_y4D2*,-4.37871
3|4F3)4F,a3P4p_y4D2*,-3.15928
3|4F3)4F,a3P4p_y4D2*,-3.93818
3|4F3)4F,a3P4p_y4D2*,-5.49172
2|1F4)2F,a3P4p_y4D2*,-6.55667
2|1F4)2F,a3P4p_y4D2*,-5.05018
1|2D3),a3P4p_y4D2*,-5.62050
1|2D3),a3P4p_y4D2*,-5.14152
2|1D4)2D,a3P4p_y4D2*,-4.74091
2|1D4)2D,a3P4p_y4D2*,-5.51016
2|3D4)2D,a3P4p_y4D2*,-4.83820
2|3D4)2D,a3P4p_y4D2*,-4.16393
1|2F5),a3P4p_y4D2*,-4.09090
1|2F5),a3P4p_y4D2*,-4.94730
1|2F5),a3P4p_y4D2*,-5.30608
2|3G4)2G,a3P4p_y4D2*,-4.14044
2|3D4)4D,a3P4p_y4D2*,-3.22838
2|3D4)4D,a3P4p_y4D2*,-2.91435
2|3D4)4D,a3P4p_y4D2*,-3.75174
1|2G5),a3P4p_y4D2*,-4.56001
2|3F4)2F,a3P4p_y4D2*,-3.45840
2|3F4)2F,a3P4p_y4D2*,-3.45013
2|3P4)2P,a3P4p_y4D2*,-2.74462
2|3G4)4G,a3P4p_y4D2*,-2.67480
2|3G4)4G,a3P4p_y4D2*,-3.35837
1|4F3),a3P4p_y4D2*,-2.08239
1|4F3),a3P4p_y4D2*,-3.27654
1|4F3),a3P4p_y4D2*,-1.36947
1|2F3),a3P4p_y4D2*,-3.11897
1|2F3),a3P4p_y4D2*,-3.65419
1|2D5),a3P4p_y4D2*,-3.28944
1|2D5),a3P4p_y4D2*,-4.42359
2|3F4)4F,a3P4p_y4D2*,-.73608
2|3F4)4F,a3P4p_y4D2*,-1.48722
2|3F4)4F,a3P4p_y4D2*,-2.94306
2|3P4)4P,a3P4p_y4D2*,-.49949
2|3P4)4P,a3P4p_y4D2*,-.01643
2|3H4)4H,a3P4p_y4D2*,-3.80915
1|4D5),a3P4p_y4D2*,-2.61933
1|4D5),a3P4p_y4D2*,-2.37060
1|4D5),a3P4p_y4D2*,-2.39105
1|4P3),a3P4p_y4D2*,-.85583
1|4P3),a3P4p_y4D2*,-1.10967
1|4G5),a3P4p_y4D2*,-4.17111
1|4G5),a3P4p_y4D2*,-4.75630
2|5D4)4D,a3P4p_y4D2*,-3.71878
2|5D4)4D,a3P4p_y4D2*,-2.68459
2|5D4)4D,a3P4p_y4D2*,-2.63708
2|5D4)6D,a3P4p_y4D2*,-5.63694
2|5D4)6D,a3P4p_y4D2*,-5.89007
2|5D4)6D,a3P4p_y4D2*,-4.92153
1|6S5),a3P4p_y4D2*,-5.15547
2|1G2)2G,a3P4p_y4D3*,-6.62857
2|3F2)2F,a3P4p_y4D3*,-5.50733
2|3F2)2F,a3P4p_y4D3*,-5.52875
2|3P2)4P,a3P4p_y4D3*,-3.48840
2|3F2)4F,a3P4p_y4D3*,-3.21844
2|3F2)4F,a3P4p_y4D3*,-4.43055
2|3F2)4F,a3P4p_y4D3*,-2.38730
3|4F3)4F,a3P4p_y4D3*,-3.40637
3|4F3)4F,a3P4p_y4D3*,-4.60778
1|2G3),a3P4p_y4D3*,-5.53020
1|2G3),a3P4p_y4D3*,-5.00361
2|1F4)2F,a3P4p_y4D3*,-6.14162
1|2D3),a3P4p_y4D3*,-5.63702
2|1D4)2D,a3P4p_y4D3*,-4.16071
2|3D4)2D,a3P4p_y4D3*,-3.53195
1|2F5),a3P4p_y4D3*,-4.25242
2|1G4)2G,a3P4p_y4D3*,-3.72951
2|3G4)2G,a3P4p_y4D3*,-3.39567
2|3G4)2G,a3P4p_y4D3*,-3.80980
2|3D4)4D,a3P4p_y4D3*,-3.20585
2|3D4)4D,a3P4p_y4D3*,-2.47896
1|2G5),a3P4p_y4D3*,-3.90996
1|2G5),a3P4p_y4D3*,-3.88390
1|2H3),a3P4p_y4D3*,-3.51618
2|3F4)2F,a3P4p_y4D3*,-2.74624
2|3F4)2F,a3P4p_y4D3*,-2.96122
2|3H4)2H,a3P4p_y4D3*,-2.94919
2|3G4)4G,a3P4p_y4D3*,-2.60133
2|3G4)4G,a3P4p_y4D3*,-3.37244
2|3G4)4G,a3P4p_y4D3*,-3.80934
1|4F3),a3P4p_y4D3*,-3.46688
1|4F3),a3P4p_y4D3*,-1.10082
1|4F3),a3P4p_y4D3*,-2.07962
1|2F3),a3P4p_y4D3*,-3.98581
1|2F3),a3P4p_y4D3*,-3.48410
1|2D5),a3P4p_y4D3*,-2.01559
2|3F4)4F,a3P4p_y4D3*,-.43696
2|3F4)4F,a3P4p_y4D3*,-1.56383
2|3F4)4F,a3P4p_y4D3*,-3.72006
2|3P4)4P,a3P4p_y4D3*,.20025
2|3H4)4H,a3P4p_y4D3*,-3.10383
2|3H4)4H,a3P4p_y4D3*,-3.77723
1|4D5),a3P4p_y4D3*,-2.40534
1|4D5),a3P4p_y4D3*,-2.12746
1|4P3),a3P4p_y4D3*,-.49955
1|4G5),a3P4p_y4D3*,-3.89162
1|4G5),a3P4p_y4D3*,-5.42347
1|4G5),a3P4p_y4D3*,-6.20835
2|5D4)4D,a3P4p_y4D3*,-2.33982
2|5D4)4D,a3P4p_y4D3*,-2.55466
2|5D4)6D,a3P4p_y4D3*,-4.71511
2|5D4)6D,a3P4p_y4D3*,-5.11460
2|5D4)6D,a3P4p_y4D3*,-5.02037
1|6S5),a3P4p_y4D3*,-4.58507
1|2P3),a3F4p_z4G2*,-6.67538
2|3F2)2F,a3F4p_z4G2*,-5.02491
2|3F2)2F,a3F4p_z4G2*,-6.75677
2|3P2)4P,a3F4p_z4G2*,-6.95200
2|3F2)4F,a3F4p_z4G2*,-5.26808
2|3F2)4F,a3F4p_z4G2*,-3.46037
2|3F2)4F,a3F4p_z4G2*,-2.53142
3|4F3)4F,a3F4p_z4G2*,-5.47441
3|4F3)4F,a3F4p_z4G2*,-3.87252
3|4F3)4F,a3F4p_z4G2*,-2.88890
1|2G3),a3F4p_z4G2*,-5.47073
2|1F4)2F,a3F4p_z4G2*,-4.21474
2|1F4)2F,a3F4p_z4G2*,-5.99906
1|2D3),a3F4p_z4G2*,-4.13444
1|2D3),a3F4p_z4G2*,-5.88295
2|1D4)2D,a3F4p_z4G2*,-4.98227
2|1D4)2D,a3F4p_z4G2*,-4.38509
2|3D4)2D,a3F4p_z4G2*,-4.36534
2|3D4)2D,a3F4p_z4G2*,-4.52617
1|2F5),a3F4p_z4G2*,-4.27778
1|2F5),a3F4p_z4G2*,-4.04088
1|2F5),a3F4p_z4G2*,-5.69532
2|3G4)2G,a3F4p_z4G2*,-3.23027
2|3D4)4D,a3F4p_z4G2*,-4.64588
2|3D4)4D,a3F4p_z4G2*,-5.00816
2|3D4)4D,a3F4p_z4G2*,-6.23080
1|2G5),a3F4p_z4G2*,-3.15582
2|3F4)2F,a3F4p_z4G2*,-3.28803
2|3F4)2F,a3F4p_z4G2*,-2.67546
2|3P4)2P,a3F4p_z4G2*,-5.42390
2|3G4)4G,a3F4p_z4G2*,-1.56913
2|3G4)4G,a3F4p_z4G2*,-.70520
1|4F3),a3F4p_z4G2*,-1.41494
1|4F3),a3F4p_z4G2*,-1.06495
1|4F3),a3F4p_z4G2*,-2.37902
1|2F3),a3F4p_z4G2*,-2.16486
1|2F3),a3F4p_z4G2*,-4.55535
1|2D5),a3F4p_z4G2*,-1.25212
1|2D5),a3F4p_z4G2*,-1.77411
2|3F4)4F,a3F4p_z4G2*,-1.77713
2|3F4)4F,a3F4p_z4G2*,-.65889
2|3F4)4F,a3F4p_z4G2*,-.07075
2|3P4)4P,a3F4p_z4G2*,-4.75712
2|3P4)4P,a3F4p_z4G2*,-4.34710
2|3H4)4H,a3F4p_z4G2*,-.89348
1|4D5),a3F4p_z4G2*,-6.65374
1|4D5),a3F4p_z4G2*,-5.20506
1|4D5),a3F4p_z4G2*,-5.99502
1|4P3),a3F4p_z4G2*,-5.18773
1|4P3),a3F4p_z4G2*,-5.29422
1|4G5),a3F4p_z4G2*,-2.07972
1|4G5),a3F4p_z4G2*,-1.76866
2|5D4)4D,a3F4p_z4G2*,-5.37704
2|5D4)4D,a3F4p_z4G2*,-4.01645
2|5D4)4D,a3F4p_z4G2*,-3.60198
2|1G2)2G,a3F4p_z4G3*,-6.52253
2|3F2)2F,a3F4p_z4G3*,-3.24683
2|3F2)2F,a3F4p_z4G3*,-4.87595
2|3P2)4P,a3F4p_z4G3*,-6.31850
2|3F2)4F,a3F4p_z4G3*,-3.47652
2|3F2)4F,a3F4p_z4G3*,-2.44255
2|3F2)4F,a3F4p_z4G3*,-5.13895
3|4F3)4F,a3F4p_z4G3*,-3.99975
3|4F3)4F,a3F4p_z4G3*,-2.91327
1|2G3),a3F4p_z4G3*,-5.20261
1|2G3),a3F4p_z4G3*,-3.09050
2|1F4)2F,a3F4p_z4G3*,-4.65253
2|1F4)2F,a3F4p_z4G3*,-5.08123
1|2D3),a3F4p_z4G3*,-4.98653
2|1D4)2D,a3F4p_z4G3*,-6.36290
2|3D4)2D,a3F4p_z4G3*,-4.14123
1|2F5),a3F4p_z4G3*,-3.18626
2|1G4)2G,a3F4p_z4G3*,-3.42602
1|2F5),a3F4p_z4G3*,-4.08132
1|2F5),a3F4p_z4G3*,-3.12823
2|3G4)2G,a3F4p_z4G3*,-3.14818
2|3G4)2G,a3F4p_z4G3*,-1.84755
2|3D4)4D,a3F4p_z4G3*,-3.78286
2|3D4)4D,a3F4p_z4G3*,-4.56398
1|2G5),a3F4p_z4G3*,-2.65638
1|2G5),a3F4p_z4G3*,-1.83683
1|2H3),a3F4p_z4G3*,-1.23536
2|3F4)2F,a3F4p_z4G3*,-4.82480
2|3F4)2F,a3F4p_z4G3*,-.83201
2|3H4)2H,a3F4p_z4G3*,-.84719
2|3G4)4G,a3F4p_z4G3*,-1.70993
2|3G4)4G,a3F4p_z4G3*,-.71539
2|3G4)4G,a3F4p_z4G3*,-1.53501
1|4F3),a3F4p_z4G3*,-1.42476
1|4F3),a3F4p_z4G3*,-2.38749
1|4F3),a3F4p_z4G3*,-1.22249
1|2F3),a3F4p_z4G3*,-1.21514
1|2F3),a3F4p_z4G3*,-2.43057
1|2D5),a3F4p_z4G3*,-1.67284
2|3F4)4F,a3F4p_z4G3*,-1.81616
2|3F4)4F,a3F4p_z4G3*,-.52692
2|3F4)4F,a3F4p_z4G3*,-.05422
2|3P4)4P,a3F4p_z4G3*,-2.79552
2|3H4)4H,a3F4p_z4G3*,-.71050
2|3H4)4H,a3F4p_z4G3*,-2.57263
1|4D5),a3F4p_z4G3*,-4.51532
1|4D5),a3F4p_z4G3*,-5.90095
1|4P3),a3F4p_z4G3*,-5.28042
1|4G5),a3F4p_z4G3*,-1.76791
1|4G5),a3F4p_z4G3*,-1.76397
1|4G5),a3F4p_z4G3*,-2.04708
2|5D4)4D,a3F4p_z4G3*,-3.86113
2|5D4)4D,a3F4p_z4G3*,-3.04100
2|5D4)6D,a3F4p_z4G3*,-6.53830
2|5D4)6D,a3F4p_z4G3*,-6.34464
2|1G2)2G,a3F4p_z4G4*,-5.89193
2|1G2)2G,a3F4p_z4G4*,-6.35372
2|3F2)2F,a3F4p_z4G4*,-2.88392
2|3F2)4F,a3F4p_z4G4*,-2.40164
2|3F2)4F,a3F4p_z4G4*,-3.83714
3|4F3)4F,a3F4p_z4G4*,-4.65673
3|4F3)4F,a3F4p_z4G4*,-2.95951
1|2G3),a3F4p_z4G4*,-2.79560
1|2G3),a3F4p_z4G4*,-5.53709
2|1F4)2F,a3F4p_z4G4*,-5.02233
2|1I4)2I,a3F4p_z4G4*,-3.58999
1|2F5),a3F4p_z4G4*,-3.24292
2|1G4)2G,a3F4p_z4G4*,-2.17706
1|2F5),a3F4p_z4G4*,-5.53095
2|3G4)2G,a3F4p_z4G4*,-1.57807
2|3G4)2G,a3F4p_z4G4*,-4.80982
2|3D4)4D,a3F4p_z4G4*,-3.25482
1|2G5),a3F4p_z4G4*,-1.56311
1|2G5),a3F4p_z4G4*,-5.22510
1|2H3),a3F4p_z4G4*,-.85682
1|2H3),a3F4p_z4G4*,-2.11543
2|3F4)2F,a3F4p_z4G4*,-.46367
2|3H4)2H,a3F4p_z4G4*,-.57100
2|3H4)2H,a3F4p_z4G4*,-1.79911
2|3G4)4G,a3F4p_z4G4*,-2.75822
2|3G4)4G,a3F4p_z4G4*,-.65748
2|3G4)4G,a3F4p_z4G4*,-1.51679
1|4F3),a3F4p_z4G4*,-1.19709
1|4F3),a3F4p_z4G4*,-1.37308
1|2F3),a3F4p_z4G4*,-1.09983
2|3F4)4F,a3F4p_z4G4*,-.60602
2|3F4)4F,a3F4p_z4G4*,-.05342
2|3H4)4H,a3F4p_z4G4*,-.59608
2|3H4)4H,a3F4p_z4G4*,-3.74919
2|3H4)4H,a3F4p_z4G4*,-.98515
1|2I5),a3F4p_z4G4*,-2.74753
1|4D5),a3F4p_z4G4*,-3.66356
1|4G5),a3F4p_z4G4*,-1.58477
1|4G5),a3F4p_z4G4*,-1.98433
1|4G5),a3F4p_z4G4*,-1.58956
2|5D4)4D,a3F4p_z4G4*,-2.66596
2|5D4)6D,a3F4p_z4G4*,-6.20772
2|5D4)6D,a3F4p_z4G4*,-5.78359
2|1G2)2G,a3F4p_z4G5*,-5.81853
2|3F2)4F,a3F4p_z4G5*,-2.08736
3|4F3)4F,a3F4p_z4G5*,-2.59428
1|2G3),a3F4p_z4G5*,-3.90086
2|1I4)2I,a3F4p_z4G5*,-4.73980
2|1I4)2I,a3F4p_z4G5*,-3.83164
2|1G4)2G,a3F4p_z4G5*,-3.20343
2|3G4)2G,a3F4p_z4G5*,-3.75107
1|2G5),a3F4p_z4G5*,-3.55469
1|2H3),a3F4p_z4G5*,-2.34872
1|2H3),a3F4p_z4G5*,-4.68495
2|3H4)2H,a3F4p_z4G5*,-4.37165
2|3H4)2H,a3F4p_z4G5*,-2.84035
2|3G4)4G,a3F4p_z4G5*,-.24333
2|3G4)4G,a3F4p_z4G5*,-1.02793
1|4F3),a3F4p_z4G5*,-.80835
2|3F4)4F,a3F4p_z4G5*,.29103
2|3H4)4H,a3F4p_z4G5*,-.26006
2|3H4)4H,a3F4p_z4G5*,-3.36917
2|3H4)4H,a3F4p_z4G5*,-2.71173
1|2I5),a3F4p_z4G5*,-2.40759
1|2I5),a3F4p_z4G5*,-3.70045
1|4G5),a3F4p_z4G5*,-1.70798
1|4G5),a3F4p_z4G5*,-1.01174
2|5D4)6D,a3F4p_z4G5*,-4.67690
2|1G2)2G,a3F4p_z4G5*,-5.94342
2|1G2)2G,3H4p__z2G3*,-5.86619
2|3F2)2F,3H4p__z2G3*,-2.56659
2|3F2)2F,3H4p__z2G3*,-3.73711
2|3P2)4P,3H4p__z2G3*,-6.11269
2|3F2)4F,3H4p__z2G3*,-4.03246
2|3F2)4F,3H4p__z2G3*,-3.23932
2|3F2)4F,3H4p__z2G3*,-5.54213
3|4F3)4F,3H4p__z2G3*,-5.06302
3|4F3)4F,3H4p__z2G3*,-4.26628
3|4F3)4F,3H4p__z2G3*,-3.33926
1|2G3),3H4p__z2G3*,-5.44551
1|2G3),3H4p__z2G3*,-2.36339
2|1F4)2F,3H4p__z2G3*,-3.25112
2|1F4)2F,3H4p__z2G3*,-4.07101
1|2D3),3H4p__z2G3*,-4.16776
2|1D4)2D,3H4p__z2G3*,-3.72382
2|3D4)2D,3H4p__z2G3*,-2.96467
1|2F5),3H4p__z2G3*,-2.79569
2|1G4)2G,3H4p__z2G3*,-3.22373
1|2F5),3H4p__z2G3*,-4.88191
1|2F5),3H4p__z2G3*,-2.34767
2|3G4)2G,3H4p__z2G3*,-3.51560
2|3G4)2G,3H4p__z2G3*,-1.09347
2|3D4)4D,3H4p__z2G3*,-4.39683
2|3D4)4D,3H4p__z2G3*,-5.35038
1|2G5),3H4p__z2G3*,-2.48888
1|2G5),3H4p__z2G3*,-1.12041
1|2H3),3H4p__z2G3*,-.58406
2|3F4)2F,3H4p__z2G3*,-2.39039
2|3F4)2F,3H4p__z2G3*,-.28321
2|3H4)2H,3H4p__z2G3*,-.19299
2|3G4)4G,3H4p__z2G3*,-1.54828
2|3G4)4G,3H4p__z2G3*,-1.50867
2|3G4)4G,3H4p__z2G3*,-1.11377
1|4F3),3H4p__z2G3*,-1.19877
1|4F3),3H4p__z2G3*,-3.22693
1|4F3),3H4p__z2G3*,-1.91746
1|2F3),3H4p__z2G3*,-1.20427
1|2F3),3H4p__z2G3*,-2.32487
1|2D5),3H4p__z2G3*,-1.01020
2|3F4)4F,3H4p__z2G3*,-2.55592
2|3F4)4F,3H4p__z2G3*,-1.30090
2|3F4)4F,3H4p__z2G3*,-.77916
2|3P4)4P,3H4p__z2G3*,-2.45777
2|3H4)4H,3H4p__z2G3*,-1.67509
2|3H4)4H,3H4p__z2G3*,-2.66213
1|4D5),3H4p__z2G3*,-3.53277
1|4D5),3H4p__z2G3*,-4.86079
1|4P3),3H4p__z2G3*,-3.86864
1|4G5),3H4p__z2G3*,-3.43870
1|4G5),3H4p__z2G3*,-2.64513
1|4G5),3H4p__z2G3*,-2.92381
2|5D4)4D,3H4p__z2G3*,-5.00451
2|5D4)4D,3H4p__z2G3*,-6.07956
2|5D4)6D,3H4p__z2G3*,-6.47680
2|5D4)6D,3H4p__z2G3*,-6.78625
2|1G2)2G,3H4p__z2G4*,-6.34455
2|3F2)2F,3H4p__z2G4*,-2.54074
2|3F2)4F,3H4p__z2G4*,-2.74263
2|3F2)4F,3H4p__z2G4*,-3.79972
3|4F3)4F,3H4p__z2G4*,-3.96999
3|4F3)4F,3H4p__z2G4*,-3.02135
1|2G3),3H4p__z2G4*,-2.43297
1|2G3),3H4p__z2G4*,-4.57686
2|1F4)2F,3H4p__z2G4*,-3.37645
2|1I4)2I,3H4p__z2G4*,-3.69827
1|2F5),3H4p__z2G4*,-3.12326
2|1G4)2G,3H4p__z2G4*,-1.89630
1|2F5),3H4p__z2G4*,-3.21518
2|3G4)2G,3H4p__z2G4*,-1.19017
2|3G4)2G,3H4p__z2G4*,-4.08966
2|3D4)4D,3H4p__z2G4*,-3.85165
1|2G5),3H4p__z2G4*,-1.25737
1|2G5),3H4p__z2G4*,-3.29581
1|2H3),3H4p__z2G4*,-.55230
1|2H3),3H4p__z2G4*,-2.00054
2|3F4)2F,3H4p__z2G4*,-.24090
2|3H4)2H,3H4p__z2G4*,-.28291
2|3H4)2H,3H4p__z2G4*,-1.39263
2|3G4)4G,3H4p__z2G4*,-1.14620
2|3G4)4G,3H4p__z2G4*,-.99395
2|3G4)4G,3H4p__z2G4*,-1.01340
1|4F3),3H4p__z2G4*,-1.90999
1|4F3),3H4p__z2G4*,-1.08260
1|2F3),3H4p__z2G4*,-.93963
2|3F4)4F,3H4p__z2G4*,-1.18305
2|3F4)4F,3H4p__z2G4*,-.25033
2|3H4)4H,3H4p__z2G4*,-1.06426
2|3H4)4H,3H4p__z2G4*,-4.27536
2|3H4)4H,3H4p__z2G4*,-1.76051
1|2I5),3H4p__z2G4*,-4.43101
1|4D5),3H4p__z2G4*,-3.41624
1|4G5),3H4p__z2G4*,-1.96833
1|4G5),3H4p__z2G4*,-2.22831
1|4G5),3H4p__z2G4*,-3.81818
2|5D4)4D,3H4p__z2G4*,-4.28015
2|5D4)6D,3H4p__z2G4*,-6.05063
2|5D4)6D,3H4p__z2G4*,-5.55171
2|1G2)2G,3H4p__z4I4*,-6.31501
2|3F2)2F,3H4p__z4I4*,-3.95531
2|3F2)4F,3H4p__z4I4*,-4.01568
2|3F2)4F,3H4p__z4I4*,-5.51626
3|4F3)4F,3H4p__z4I4*,-4.89698
1|2G3),3H4p__z4I4*,-3.80426
1|2G3),3H4p__z4I4*,-4.02203
2|1F4)2F,3H4p__z4I4*,-5.66074
2|1I4)2I,3H4p__z4I4*,-4.61573
1|2F5),3H4p__z4I4*,-3.81162
2|1G4)2G,3H4p__z4I4*,-3.22598
1|2F5),3H4p__z4I4*,-3.41597
2|3G4)2G,3H4p__z4I4*,-2.75461
2|3G4)2G,3H4p__z4I4*,-3.55279
2|3D4)4D,3H4p__z4I4*,-4.57804
1|2G5),3H4p__z4I4*,-2.58516
1|2G5),3H4p__z4I4*,-3.99197
1|2H3),3H4p__z4I4*,-2.02920
1|2H3),3H4p__z4I4*,-1.81245
2|3F4)2F,3H4p__z4I4*,-1.53418
2|3H4)2H,3H4p__z4I4*,-1.70614
2|3H4)2H,3H4p__z4I4*,-1.87648
2|3G4)4G,3H4p__z4I4*,-4.07350
2|3G4)4G,3H4p__z4I4*,-2.56081
2|3G4)4G,3H4p__z4I4*,-1.86385
1|4F3),3H4p__z4I4*,-2.85966
1|2F3),3H4p__z4I4*,-2.26179
2|3F4)4F,3H4p__z4I4*,-2.29152
2|3F4)4F,3H4p__z4I4*,-2.11813
2|3H4)4H,3H4p__z4I4*,-2.08669
2|3H4)4H,3H4p__z4I4*,-1.32827
2|3H4)4H,3H4p__z4I4*,.44010
1|2I5),3H4p__z4I4*,-2.96435
1|4D5),3H4p__z4I4*,-4.73709
1|4G5),3H4p__z4I4*,-4.37994
1|4G5),3H4p__z4I4*,-2.20614
1|4G5),3H4p__z4I4*,-3.11840
2|5D4)4D,3H4p__z4I4*,-4.11978
2|3F2)4F,3H4p__z4I5*,-4.79558
3|4F3)4F,3H4p__z4I5*,-6.27842
1|2G3),3H4p__z4I5*,-4.34030
2|1I4)2I,3H4p__z4I5*,-3.95762
2|1I4)2I,3H4p__z4I5*,-5.85343
2|1G4)2G,3H4p__z4I5*,-3.42021
2|3G4)2G,3H4p__z4I5*,-3.77897
1|2G5),3H4p__z4I5*,-3.94119
1|2H3),3H4p__z4I5*,-2.34029
1|2H3),3H4p__z4I5*,-2.67092
2|3H4)2H,3H4p__z4I5*,-2.80292
2|3H4)2H,3H4p__z4I5*,-2.25777
2|3G4)4G,3H4p__z4I5*,-3.94493
2|3G4)4G,3H4p__z4I5*,-1.61477
1|4F3),3H4p__z4I5*,-3.63388
2|3F4)4F,3H4p__z4I5*,-3.56523
2|3H4)4H,3H4p__z4I5*,-2.57732
2|3H4)4H,3H4p__z4I5*,-1.40170
2|3H4)4H,3H4p__z4I5*,.54023
1|2I5),3H4p__z4I5*,-3.43710
1|2I5),3H4p__z4I5*,-3.72673
1|4G5),3H4p__z4I5*,-2.06634
1|4G5),3H4p__z4I5*,-4.39927
2|1I4)2I,3H4p__z4I6*,-6.15206
2|1I4)2I,3H4p__z4I6*,-3.79628
1|2H3),3H4p__z4I6*,-2.64550
2|3H4)2H,3H4p__z4I6*,-2.23369
2|3G4)4G,3H4p__z4I6*,-1.60160
2|3H4)4H,3H4p__z4I6*,-1.79168
2|3H4)4H,3H4p__z4I6*,.61354
1|2I5),3H4p__z4I6*,-3.34124
1|2I5),3H4p__z4I6*,-2.57753
1|4G5),3H4p__z4I6*,-2.08975
2|1I4)2I,3H4p__z4I7*,-4.38626
2|3H4)4H,3H4p__z4I7*,.67858
1|2I5),3H4p__z4I7*,-2.48545
2|1I4)2I,3H4p__z4H6*,-5.30250
2|1I4)2I,3H4p__z4H6*,-4.02677
1|2H3),3H4p__z4H6*,-2.34842
2|3H4)2H,3H4p__z4H6*,-1.65299
2|3G4)4G,3H4p__z4H6*,-.32635
2|3H4)4H,3H4p__z4H6*,.52002
2|3H4)4H,3H4p__z4H6*,-2.52251
1|2I5),3H4p__z4H6*,-2.58954
1|2I5),3H4p__z4H6*,-5.23100
1|4G5),3H4p__z4H6*,-.46176
2|3F2)4F,3H4p__z4H5*,-4.97770
3|4F3)4F,3H4p__z4H5*,-4.19147
1|2G3),3H4p__z4H5*,-5.62806
2|1I4)2I,3H4p__z4H5*,-4.72878
2|1I4)2I,3H4p__z4H5*,-5.40229
2|1G4)2G,3H4p__z4H5*,-5.57590
2|3G4)2G,3H4p__z4H5*,-3.27853
1|2G5),3H4p__z4H5*,-5.03311
1|2H3),3H4p__z4H5*,-4.24044
1|2H3),3H4p__z4H5*,-3.02399
2|3H4)2H,3H4p__z4H5*,-3.04599
2|3H4)2H,3H4p__z4H5*,-2.22992
2|3G4)4G,3H4p__z4H5*,-1.66562
2|3G4)4G,3H4p__z4H5*,-.42636
1|4F3),3H4p__z4H5*,-1.74599
2|3F4)4F,3H4p__z4H5*,-1.49729
2|3H4)4H,3H4p__z4H5*,-.90032
2|3H4)4H,3H4p__z4H5*,.42658
2|3H4)4H,3H4p__z4H5*,-1.98236
1|2I5),3H4p__z4H5*,-5.00488
1|2I5),3H4p__z4H5*,-2.73779
1|4G5),3H4p__z4H5*,-.57559
1|4G5),3H4p__z4H5*,-1.69642
2|5D4)6D,3H4p__z4H5*,-6.28216
2|1G2)2G,3H4p__z4H4*,-6.21595
2|3F2)2F,3H4p__z4H4*,-4.98649
2|3F2)4F,3H4p__z4H4*,-4.83848
2|3F2)4F,3H4p__z4H4*,-6.70668
3|4F3)4F,3H4p__z4H4*,-5.51623
3|4F3)4F,3H4p__z4H4*,-4.19810
1|2G3),3H4p__z4H4*,-4.40073
1|2G3),3H4p__z4H4*,-5.29466
2|1F4)2F,3H4p__z4H4*,-5.14126
2|1I4)2I,3H4p__z4H4*,-5.39802
1|2F5),3H4p__z4H4*,-5.60480
2|1G4)2G,3H4p__z4H4*,-5.04414
1|2F5),3H4p__z4H4*,-4.23339
2|3G4)2G,3H4p__z4H4*,-4.16530
2|3G4)2G,3H4p__z4H4*,-3.41710
2|3D4)4D,3H4p__z4H4*,-6.22819
1|2G5),3H4p__z4H4*,-4.58021
1|2G5),3H4p__z4H4*,-4.44676
1|2H3),3H4p__z4H4*,-3.14905
1|2H3),3H4p__z4H4*,-4.81895
2|3F4)2F,3H4p__z4H4*,-3.18380
2|3H4)2H,3H4p__z4H4*,-2.67471
2|3H4)2H,3H4p__z4H4*,-3.14194
2|3G4)4G,3H4p__z4H4*,-3.01091
2|3G4)4G,3H4p__z4H4*,-1.53539
2|3G4)4G,3H4p__z4H4*,-.51000
1|4F3),3H4p__z4H4*,-2.82520
1|4F3),3H4p__z4H4*,-1.76038
2|3F4)4F,3H4p__z4H4*,-3.37972
2|3F4)4F,3H4p__z4H4*,-1.50666
2|3H4)4H,3H4p__z4H4*,-.78110
2|3H4)4H,3H4p__z4H4*,.32988
2|3H4)4H,3H4p__z4H4*,-1.80173
1|2I5),3H4p__z4H4*,-4.48843
1|4D5),3H4p__z4H4*,-5.14706
1|4G5),3H4p__z4H4*,-1.61700
1|4G5),3H4p__z4H4*,-.67630
1|4G5),3H4p__z4H4*,-3.14621
2|5D4)4D,3H4p__z4H4*,-4.51123
2|5D4)6D,3H4p__z4H4*,-6.82501
2|1G2)2G,3H4p__z4H3*,-5.93294
2|3F2)2F,3H4p__z4H3*,-4.65747
2|3F2)2F,3H4p__z4H3*,-6.02720
2|3F2)4F,3H4p__z4H3*,-6.48853
2|3F2)4F,3H4p__z4H3*,-5.10439
3|4F3)4F,3H4p__z4H3*,-5.47042
3|4F3)4F,3H4p__z4H3*,-4.47892
1|2G3),3H4p__z4H3*,-6.07977
1|2G3),3H4p__z4H3*,-4.01696
2|1F4)2F,3H4p__z4H3*,-4.82869
2|1F4)2F,3H4p__z4H3*,-6.12326
2|1D4)2D,3H4p__z4H3*,-5.93562
2|3D4)2D,3H4p__z4H3*,-5.06739
1|2F5),3H4p__z4H3*,-4.88525
2|1G4)2G,3H4p__z4H3*,-6.21754
1|2F5),3H4p__z4H3*,-3.98208
1|2F5),3H4p__z4H3*,-5.35968
2|3G4)2G,3H4p__z4H3*,-3.91322
2|3D4)4D,3H4p__z4H3*,-6.73848
2|3D4)4D,3H4p__z4H3*,-6.86082
1|2G5),3H4p__z4H3*,-4.45450
1|2G5),3H4p__z4H3*,-3.80719
1|2H3),3H4p__z4H3*,-2.82081
2|3F4)2F,3H4p__z4H3*,-4.25902
2|3F4)2F,3H4p__z4H3*,-2.59098
2|3H4)2H,3H4p__z4H3*,-2.20323
2|3G4)4G,3H4p__z4H3*,-2.99641
2|3G4)4G,3H4p__z4H3*,-1.63121
2|3G4)4G,3H4p__z4H3*,-.58019
1|4F3),3H4p__z4H3*,-2.05596
1|4F3),3H4p__z4H3*,-4.29896
1|4F3),3H4p__z4H3*,-2.85573
1|2F3),3H4p__z4H3*,-3.37343
1|2F3),3H4p__z4H3*,-5.07864
1|2D5),3H4p__z4H3*,-2.64232
2|3F4)4F,3H4p__z4H3*,-4.81077
2|3F4)4F,3H4p__z4H3*,-3.12582
2|3F4)4F,3H4p__z4H3*,-1.85779
2|3P4)4P,3H4p__z4H3*,-4.82067
2|3H4)4H,3H4p__z4H3*,-.90715
2|3H4)4H,3H4p__z4H3*,.23465
1|4D5),3H4p__z4H3*,-5.37084
1|4D5),3H4p__z4H3*,-6.42547
1|4P3),3H4p__z4H3*,-5.61929
1|4G5),3H4p__z4H3*,-3.16343
1|4G5),3H4p__z4H3*,-1.75761
1|4G5),3H4p__z4H3*,-.76461
2|5D4)4D,3H4p__z4H3*,-5.71743
2|5D4)4D,3H4p__z4H3*,-4.95655
3|2G3)2G,a3F4p_y4F4*,-5.94257
2|1G2)2G,a3F4p_y4F4*,-4.74269
2|3F2)2F,a3F4p_y4F4*,-4.03341
2|3F2)4F,a3F4p_y4F4*,-4.00752
2|3F2)4F,a3F4p_y4F4*,-2.28491
3|4F3)4F,a3F4p_y4F4*,-2.40959
3|4F3)4F,a3F4p_y4F4*,-2.85785
1|2G3),a3F4p_y4F4*,-3.13816
1|2G3),a3F4p_y4F4*,-4.83598
2|1F4)2F,a3F4p_y4F4*,-4.13431
2|1I4)2I,a3F4p_y4F4*,-4.99933
1|2F5),a3F4p_y4F4*,-3.17973
2|1G4)2G,a3F4p_y4F4*,-4.88742
1|2F5),a3F4p_y4F4*,-3.41255
2|3G4)2G,a3F4p_y4F4*,-2.98913
2|3G4)2G,a3F4p_y4F4*,-5.44115
2|3D4)4D,a3F4p_y4F4*,-1.70731
1|2G5),a3F4p_y4F4*,-3.38342
1|2G5),a3F4p_y4F4*,-4.69010
1|2H3),a3F4p_y4F4*,-2.31069
1|2H3),a3F4p_y4F4*,-3.40165
2|3F4)2F,a3F4p_y4F4*,-4.58004
2|3H4)2H,a3F4p_y4F4*,-1.65427
2|3H4)2H,a3F4p_y4F4*,-3.13924
2|3G4)4G,a3F4p_y4F4*,-1.09293
2|3G4)4G,a3F4p_y4F4*,-1.28640
2|3G4)4G,a3F4p_y4F4*,-2.83983
1|4F3),a3F4p_y4F4*,-.18587
1|4F3),a3F4p_y4F4*,-1.90179
1|2F3),a3F4p_y4F4*,-2.38136
2|3F4)4F,a3F4p_y4F4*,.21998
2|3F4)4F,a3F4p_y4F4*,-.75682
2|3H4)4H,a3F4p_y4F4*,-.92074
2|3H4)4H,a3F4p_y4F4*,-2.38146
2|3H4)4H,a3F4p_y4F4*,-4.21559
1|2I5),a3F4p_y4F4*,-3.48819
1|4D5),a3F4p_y4F4*,-2.14617
1|4G5),a3F4p_y4F4*,-.82084
1|4G5),a3F4p_y4F4*,-2.03502
1|4G5),a3F4p_y4F4*,-.35631
2|5D4)4D,a3F4p_y4F4*,-.91007
2|5D4)6D,a3F4p_y4F4*,-5.78498
2|5D4)6D,a3F4p_y4F4*,-4.59136
3|2G3)2G,a3F4p_y4F3*,-5.84048
3|4P3)4P,a3F4p_y4F3*,-5.28149
2|1G2)2G,a3F4p_y4F3*,-5.08366
2|3F2)2F,a3F4p_y4F3*,-4.91896
2|3F2)2F,a3F4p_y4F3*,-5.45526
2|3P2)4P,a3F4p_y4F3*,-4.76106
2|3F2)4F,a3F4p_y4F3*,-2.32269
2|3F2)4F,a3F4p_y4F3*,-3.27703
2|3F2)4F,a3F4p_y4F3*,-3.20672
3|4F3)4F,a3F4p_y4F3*,-5.60780
3|4F3)4F,a3F4p_y4F3*,-2.70636
3|4F3)4F,a3F4p_y4F3*,-2.48329
1|2G3),a3F4p_y4F3*,-5.54344
1|2G3),a3F4p_y4F3*,-3.72277
2|1F4)2F,a3F4p_y4F3*,-4.64523
2|1F4)2F,a3F4p_y4F3*,-3.93958
1|2D3),a3F4p_y4F3*,-4.80043
2|3D4)2D,a3F4p_y4F3*,-4.27282
1|2F5),a3F4p_y4F3*,-4.98694
2|1G4)2G,a3F4p_y4F3*,-3.92938
1|2F5),a3F4p_y4F3*,-3.36568
1|2F5),a3F4p_y4F3*,-3.87910
2|3G4)2G,a3F4p_y4F3*,-4.01902
2|3G4)2G,a3F4p_y4F3*,-5.47990
2|3D4)4D,a3F4p_y4F3*,-2.07470
2|3D4)4D,a3F4p_y4F3*,-3.18947
1|2G5),a3F4p_y4F3*,-4.40327
1|2G5),a3F4p_y4F3*,-4.76487
1|2H3),a3F4p_y4F3*,-4.08838
2|3F4)2F,a3F4p_y4F3*,-2.45360
2|3F4)2F,a3F4p_y4F3*,-2.87632
2|3H4)2H,a3F4p_y4F3*,-2.51067
2|3G4)4G,a3F4p_y4F3*,-1.04632
2|3G4)4G,a3F4p_y4F3*,-1.18351
2|3G4)4G,a3F4p_y4F3*,-2.55972
1|4F3),a3F4p_y4F3*,-4.79863
1|4F3),a3F4p_y4F3*,-1.31789
1|4F3),a3F4p_y4F3*,-.43274
1|2F3),a3F4p_y4F3*,-4.49702
1|2F3),a3F4p_y4F3*,-2.40326
1|2D5),a3F4p_y4F3*,-2.60237
2|3F4)4F,a3F4p_y4F3*,-.62808
2|3F4)4F,a3F4p_y4F3*,-.05426
2|3F4)4F,a3F4p_y4F3*,-1.05408
2|3P4)4P,a3F4p_y4F3*,-1.68742
2|3H4)4H,a3F4p_y4F3*,-.41180
2|3H4)4H,a3F4p_y4F3*,-1.56763
1|4D5),a3F4p_y4F3*,-1.80779
1|4D5),a3F4p_y4F3*,-3.33431
1|4P3),a3F4p_y4F3*,-2.47884
1|4G5),a3F4p_y4F3*,-.75821
1|4G5),a3F4p_y4F3*,-.49974
1|4G5),a3F4p_y4F3*,-1.67193
2|5D4)4D,a3F4p_y4F3*,-2.01284
2|5D4)4D,a3F4p_y4F3*,-1.16455
2|5D4)6D,a3F4p_y4F3*,-6.37109
2|5D4)6D,a3F4p_y4F3*,-6.64649
2|5D4)6D,a3F4p_y4F3*,-4.76259
1|6S5),a3F4p_y4F3*,-6.44702
3|4P3)4P,a3F4p_y4F1*,-6.12798
3|4P3)4P,a3F4p_y4F1*,-6.05233
3|4P3)4P,a3F4p_y4F1*,-6.13482
1|2P3),a3F4p_y4F1*,-3.23638
1|2P3),a3F4p_y4F1*,-3.25934
2|3F2)2F,a3F4p_y4F1*,-4.31213
2|3P2)2P,a3F4p_y4F1*,-4.81197
2|3P2)2P,a3F4p_y4F1*,-3.07806
2|3P2)4P,a3F4p_y4F1*,-4.25450
2|3P2)4P,a3F4p_y4F1*,-4.52589
2|3P2)4P,a3F4p_y4F1*,-4.14275
2|3F2)4F,a3F4p_y4F1*,-4.73736
2|3F2)4F,a3F4p_y4F1*,-3.51576
3|4F3)4F,a3F4p_y4F1*,-3.48123
2|1F4)2F,a3F4p_y4F1*,-3.72321
1|2D3),a3F4p_y4F1*,-2.81074
1|2D3),a3F4p_y4F1*,-2.83976
2|1D4)2D,a3F4p_y4F1*,-2.34535
2|1D4)2D,a3F4p_y4F1*,-2.80870
1|2S5),a3F4p_y4F1*,-2.36942
2|3D4)2D,a3F4p_y4F1*,-2.07121
2|3D4)2D,a3F4p_y4F1*,-3.23744
2|1S4)2S,a3F4p_y4F1*,-1.76988
1|2F5),a3F4p_y4F1*,-2.03526
2|3D4)4D,a3F4p_y4F1*,-3.29351
2|3D4)4D,a3F4p_y4F1*,-2.99223
2|3D4)4D,a3F4p_y4F1*,-3.75930
2|3F4)2F,a3F4p_y4F1*,-1.28849
2|3P4)2P,a3F4p_y4F1*,-.21036
2|3P4)2P,a3F4p_y4F1*,-1.08601
2|3G4)4G,a3F4p_y4F1*,-1.91506
1|4F3),a3F4p_y4F1*,-2.78022
1|4F3),a3F4p_y4F1*,-1.61055
1|2F3),a3F4p_y4F1*,-1.76149
1|2D5),a3F4p_y4F1*,-2.22254
1|2D5),a3F4p_y4F1*,-.84835
2|3F4)4F,a3F4p_y4F1*,-1.43244
2|3F4)4F,a3F4p_y4F1*,-1.28191
2|3P4)4P,a3F4p_y4F1*,-1.72096
2|3P4)4P,a3F4p_y4F1*,-1.91366
2|3P4)4P,a3F4p_y4F1*,-2.45358
1|4D5),a3F4p_y4F1*,-2.59320
1|4D5),a3F4p_y4F1*,-5.55817
1|4D5),a3F4p_y4F1*,-2.92433
1|4P3),a3F4p_y4F1*,-2.94411
1|4P3),a3F4p_y4F1*,-1.91757
1|4P3),a3F4p_y4F1*,-1.92724
1|4G5),a3F4p_y4F1*,-1.47643
2|5D4)4D,a3F4p_y4F1*,-4.45996
2|5D4)4D,a3F4p_y4F1*,-2.61057
2|5D4)4D,a3F4p_y4F1*,-2.27920
2|5D4)6D,a3F4p_y4F1*,-6.33664
1|6S5),a3F4p_y4F1*,-6.56948
3|2G3)2G,a3F4p_y4F2*,-6.73248
3|4P3)4P,a3F4p_y4F2*,-5.06481
3|4P3)4P,a3F4p_y4F2*,-6.79439
1|2P3),a3F4p_y4F2*,-2.84796
2|1G2)2G,a3F4p_y4F2*,-5.83958
2|3F2)2F,a3F4p_y4F2*,-4.19233
2|3F2)2F,a3F4p_y4F2*,-3.50369
2|3P2)2P,a3F4p_y4F2*,-3.49815
2|3P2)4P,a3F4p_y4F2*,-6.08158
2|3P2)4P,a3F4p_y4F2*,-4.45451
2|3F2)4F,a3F4p_y4F2*,-3.85655
2|3F2)4F,a3F4p_y4F2*,-3.62725
2|3F2)4F,a3F4p_y4F2*,-3.63740
3|4F3)4F,a3F4p_y4F2*,-5.41529
3|4F3)4F,a3F4p_y4F2*,-3.13613
3|4F3)4F,a3F4p_y4F2*,-6.93531
1|2G3),a3F4p_y4F2*,-4.03231
2|1F4)2F,a3F4p_y4F2*,-3.98936
2|1F4)2F,a3F4p_y4F2*,-2.78516
1|2D3),a3F4p_y4F2*,-3.00134
1|2D3),a3F4p_y4F2*,-2.21484
2|1D4)2D,a3F4p_y4F2*,-1.91285
2|1D4)2D,a3F4p_y4F2*,-4.06197
2|3D4)2D,a3F4p_y4F2*,-2.43307
2|3D4)2D,a3F4p_y4F2*,-1.10570
1|2F5),a3F4p_y4F2*,-1.15114
1|2F5),a3F4p_y4F2*,-2.36677
1|2F5),a3F4p_y4F2*,-1.45273
2|3G4)2G,a3F4p_y4F2*,-3.21924
2|3D4)4D,a3F4p_y4F2*,-2.53726
2|3D4)4D,a3F4p_y4F2*,-4.69541
2|3D4)4D,a3F4p_y4F2*,-2.14624
1|2G5),a3F4p_y4F2*,-3.84490
2|3F4)2F,a3F4p_y4F2*,-.32467
2|3F4)2F,a3F4p_y4F2*,-1.37462
2|3P4)2P,a3F4p_y4F2*,-.89234
2|3G4)4G,a3F4p_y4F2*,-1.62708
2|3G4)4G,a3F4p_y4F2*,-2.67806
1|4F3),a3F4p_y4F2*,-1.78972
1|4F3),a3F4p_y4F2*,-1.62652
1|4F3),a3F4p_y4F2*,-1.79643
1|2F3),a3F4p_y4F2*,-1.62412
1|2F3),a3F4p_y4F2*,-3.17801
1|2D5),a3F4p_y4F2*,-1.66299
1|2D5),a3F4p_y4F2*,-.84730
2|3F4)4F,a3F4p_y4F2*,-1.14618
2|3F4)4F,a3F4p_y4F2*,-1.20173
2|3F4)4F,a3F4p_y4F2*,-1.25151
2|3P4)4P,a3F4p_y4F2*,-.55433
2|3P4)4P,a3F4p_y4F2*,-1.42225
2|3H4)4H,a3F4p_y4F2*,-1.77405
1|4D5),a3F4p_y4F2*,-2.11865
1|4D5),a3F4p_y4F2*,-2.36350
1|4D5),a3F4p_y4F2*,-1.82657
1|4P3),a3F4p_y4F2*,-2.34382
1|4P3),a3F4p_y4F2*,-1.67599
1|4G5),a3F4p_y4F2*,-1.10117
1|4G5),a3F4p_y4F2*,-3.46616
2|5D4)4D,a3F4p_y4F2*,-1.70464
2|5D4)4D,a3F4p_y4F2*,-5.81721
2|5D4)4D,a3F4p_y4F2*,-1.78866
2|5D4)6D,a3F4p_y4F2*,-6.17874
2|5D4)6D,a3F4p_y4F2*,-5.66468
2|5D4)6D,a3F4p_y4F2*,-5.84879
1|6S5),a3F4p_y4F2*,-5.56773
2|1G2)2G,3H4p__y4G5*,-5.81091
2|3F2)4F,3H4p__y4G5*,-1.93039
3|4F3)4F,3H4p__y4G5*,-2.11528
1|2G3),3H4p__y4G5*,-4.59796
2|1I4)2I,3H4p__y4G5*,-2.92513
2|1I4)2I,3H4p__y4G5*,-4.27440
2|1G4)2G,3H4p__y4G5*,-3.16773
2|3G4)2G,3H4p__y4G5*,-3.01287
1|2G5),3H4p__y4G5*,-4.71258
1|2H3),3H4p__y4G5*,-1.88460
1|2H3),3H4p__y4G5*,-2.06453
2|3H4)2H,3H4p__y4G5*,-3.68466
2|3H4)2H,3H4p__y4G5*,-1.53789
2|3G4)4G,3H4p__y4G5*,-1.02329
2|3G4)4G,3H4p__y4G5*,-3.79906
1|4F3),3H4p__y4G5*,-.24302
2|3F4)4F,3H4p__y4G5*,-.27989
2|3H4)4H,3H4p__y4G5*,.30542
2|3H4)4H,3H4p__y4G5*,-.78680
2|3H4)4H,3H4p__y4G5*,-1.89157
1|2I5),3H4p__y4G5*,-2.01976
1|2I5),3H4p__y4G5*,-2.70120
1|4G5),3H4p__y4G5*,-1.27403
1|4G5),3H4p__y4G5*,.04463
2|5D4)6D,3H4p__y4G5*,-5.98040
3|2G3)2G,3H4p__y4G4*,-6.73077
2|1G2)2G,3H4p__y4G4*,-6.34896
2|1G2)2G,3H4p__y4G4*,-5.56643
2|3F2)2F,3H4p__y4G4*,-5.07288
2|3F2)4F,3H4p__y4G4*,-2.06271
2|3F2)4F,3H4p__y4G4*,-3.32670
3|4F3)4F,3H4p__y4G4*,-3.13346
3|4F3)4F,3H4p__y4G4*,-2.20475
1|2G3),3H4p__y4G4*,-5.28897
1|2G3),3H4p__y4G4*,-5.35697
2|1F4)2F,3H4p__y4G4*,-4.48106
2|1I4)2I,3H4p__y4G4*,-6.49861
1|2F5),3H4p__y4G4*,-3.18516
2|1G4)2G,3H4p__y4G4*,-3.83997
1|2F5),3H4p__y4G4*,-4.96978
2|3G4)2G,3H4p__y4G4*,-3.24213
2|3G4)2G,3H4p__y4G4*,-3.99058
2|3D4)4D,3H4p__y4G4*,-2.38505
1|2G5),3H4p__y4G4*,-3.15892
1|2G5),3H4p__y4G4*,-4.55261
1|2H3),3H4p__y4G4*,-2.51878
1|2H3),3H4p__y4G4*,-2.56073
2|3F4)2F,3H4p__y4G4*,-1.86195
2|3H4)2H,3H4p__y4G4*,-2.89966
2|3H4)2H,3H4p__y4G4*,-4.33730
2|3G4)4G,3H4p__y4G4*,-5.66732
2|3G4)4G,3H4p__y4G4*,-1.00636
2|3G4)4G,3H4p__y4G4*,-4.20516
1|4F3),3H4p__y4G4*,-2.81053
1|4F3),3H4p__y4G4*,-.34208
1|2F3),3H4p__y4G4*,-2.01514
2|3F4)4F,3H4p__y4G4*,-1.91311
2|3F4)4F,3H4p__y4G4*,-.36676
2|3H4)4H,3H4p__y4G4*,.21190
2|3H4)4H,3H4p__y4G4*,-.69485
2|3H4)4H,3H4p__y4G4*,-2.07087
1|2I5),3H4p__y4G4*,-2.38024
1|4D5),3H4p__y4G4*,-2.46286
1|4G5),3H4p__y4G4*,-.13311
1|4G5),3H4p__y4G4*,-1.17163
1|4G5),3H4p__y4G4*,-.73478
2|5D4)4D,3H4p__y4G4*,-2.21658
2|5D4)6D,3H4p__y4G4*,-5.59132
3|2G3)2G,3H4p__y4G2*,-6.13946
3|4P3)4P,3H4p__y4G2*,-6.37472
3|4P3)4P,3H4p__y4G2*,-6.72590
1|2P3),3H4p__y4G2*,-4.26904
2|1G2)2G,3H4p__y4G2*,-5.86778
2|3F2)2F,3H4p__y4G2*,-5.06620
2|3F2)2F,3H4p__y4G2*,-4.81355
2|3P2)2P,3H4p__y4G2*,-4.98212
2|3P2)4P,3H4p__y4G2*,-6.70317
2|3P2)4P,3H4p__y4G2*,-5.75860
2|3F2)4F,3H4p__y4G2*,-4.27005
2|3F2)4F,3H4p__y4G2*,-3.00744
2|3F2)4F,3H4p__y4G2*,-2.30902
3|4F3)4F,3H4p__y4G2*,-4.26911
3|4F3)4F,3H4p__y4G2*,-3.44803
3|4F3)4F,3H4p__y4G2*,-2.36507
1|2G3),3H4p__y4G2*,-4.00211
2|1F4)2F,3H4p__y4G2*,-4.31510
2|1F4)2F,3H4p__y4G2*,-3.94748
1|2D3),3H4p__y4G2*,-4.21964
1|2D3),3H4p__y4G2*,-3.44872
2|1D4)2D,3H4p__y4G2*,-3.33634
2|1D4)2D,3H4p__y4G2*,-3.93175
2|3D4)2D,3H4p__y4G2*,-2.86266
2|3D4)2D,3H4p__y4G2*,-2.61829
1|2F5),3H4p__y4G2*,-2.60063
1|2F5),3H4p__y4G2*,-3.62430
1|2F5),3H4p__y4G2*,-2.60263
2|3G4)2G,3H4p__y4G2*,-2.48613
2|3D4)4D,3H4p__y4G2*,-3.66531
2|3D4)4D,3H4p__y4G2*,-3.54897
2|3D4)4D,3H4p__y4G2*,-4.52371
1|2G5),3H4p__y4G2*,-2.89155
2|3F4)2F,3H4p__y4G2*,-1.73191
2|3F4)2F,3H4p__y4G2*,-3.83046
2|3P4)2P,3H4p__y4G2*,-2.07495
2|3G4)4G,3H4p__y4G2*,-1.88590
2|3G4)4G,3H4p__y4G2*,-.92404
1|4F3),3H4p__y4G2*,-1.98404
1|4F3),3H4p__y4G2*,-.69558
1|4F3),3H4p__y4G2*,-3.27684
1|2F3),3H4p__y4G2*,-2.16974
1|2F3),3H4p__y4G2*,-3.22299
1|2D5),3H4p__y4G2*,-1.89354
1|2D5),3H4p__y4G2*,-2.37641
2|3F4)4F,3H4p__y4G2*,-3.00495
2|3F4)4F,3H4p__y4G2*,-2.11433
2|3F4)4F,3H4p__y4G2*,-.92149
2|3P4)4P,3H4p__y4G2*,-2.28469
2|3P4)4P,3H4p__y4G2*,-4.19797
2|3H4)4H,3H4p__y4G2*,.07132
1|4D5),3H4p__y4G2*,-6.67032
1|4D5),3H4p__y4G2*,-2.66824
1|4D5),3H4p__y4G2*,-3.80443
1|4P3),3H4p__y4G2*,-4.38835
1|4P3),3H4p__y4G2*,-3.11206
1|4G5),3H4p__y4G2*,-1.13555
1|4G5),3H4p__y4G2*,-.27722
2|5D4)4D,3H4p__y4G2*,-3.79360
2|5D4)4D,3H4p__y4G2*,-3.93771
3|2G3)2G,3H4p__y4G3*,-6.43665
3|4P3)4P,3H4p__y4G3*,-6.83527
2|1G2)2G,3H4p__y4G3*,-6.62271
2|1G2)2G,3H4p__y4G3*,-5.69831
2|3F2)2F,3H4p__y4G3*,-5.48934
2|3F2)2F,3H4p__y4G3*,-5.26536
2|3F2)4F,3H4p__y4G3*,-4.23176
2|3F2)4F,3H4p__y4G3*,-2.20486
2|3F2)4F,3H4p__y4G3*,-4.78205
3|4F3)4F,3H4p__y4G3*,-4.28225
3|4F3)4F,3H4p__y4G3*,-2.69997
3|4F3)4F,3H4p__y4G3*,-2.49119
1|2G3),3H4p__y4G3*,-4.11566
1|2G3),3H4p__y4G3*,-5.81766
2|1F4)2F,3H4p__y4G3*,-4.71700
2|1F4)2F,3H4p__y4G3*,-5.13174
1|2D3),3H4p__y4G3*,-4.18557
2|1D4)2D,3H4p__y4G3*,-4.74126
2|3D4)2D,3H4p__y4G3*,-3.35798
1|2F5),3H4p__y4G3*,-5.03240
2|1G4)2G,3H4p__y4G3*,-3.80202
1|2F5),3H4p__y4G3*,-4.32622
1|2F5),3H4p__y4G3*,-4.27785
2|3G4)2G,3H4p__y4G3*,-2.98034
2|3G4)2G,3H4p__y4G3*,-3.30376
2|3D4)4D,3H4p__y4G3*,-2.20767
2|3D4)4D,3H4p__y4G3*,-2.96189
1|2G5),3H4p__y4G3*,-3.58673
1|2G5),3H4p__y4G3*,-3.28795
1|2H3),3H4p__y4G3*,-3.07912
2|3F4)2F,3H4p__y4G3*,-2.55995
2|3F4)2F,3H4p__y4G3*,-2.17496
2|3H4)2H,3H4p__y4G3*,-3.01714
2|3G4)4G,3H4p__y4G3*,-2.67347
2|3G4)4G,3H4p__y4G3*,-1.13850
2|3G4)4G,3H4p__y4G3*,-3.05050
1|4F3),3H4p__y4G3*,-.48731
1|4F3),3H4p__y4G3*,-2.07256
1|4F3),3H4p__y4G3*,-1.61739
1|2F3),3H4p__y4G3*,-1.29595
1|2F3),3H4p__y4G3*,-3.65188
1|2D5),3H4p__y4G3*,-1.53953
2|3F4)4F,3H4p__y4G3*,-1.30821
2|3F4)4F,3H4p__y4G3*,-.96860
2|3F4)4F,3H4p__y4G3*,-.39098
2|3P4)4P,3H4p__y4G3*,-2.65334
2|3H4)4H,3H4p__y4G3*,.03113
2|3H4)4H,3H4p__y4G3*,-.90994
1|4D5),3H4p__y4G3*,-3.75769
1|4D5),3H4p__y4G3*,-3.34015
1|4P3),3H4p__y4G3*,-4.79192
1|4G5),3H4p__y4G3*,-.47776
1|4G5),3H4p__y4G3*,-.41882
1|4G5),3H4p__y4G3*,-1.41295
2|5D4)4D,3H4p__y4G3*,-2.46773
2|5D4)4D,3H4p__y4G3*,-1.71019
2|5D4)6D,3H4p__y4G3*,-6.33813
2|5D4)6D,3H4p__y4G3*,-5.26681
3|4P3)4P,a3F4p_z2D2*,-6.33095
1|2P3),a3F4p_z2D2*,-3.34124
2|3F2)2F,a3F4p_z2D2*,-4.50192
2|3F2)2F,a3F4p_z2D2*,-4.22424
2|3P2)2P,a3F4p_z2D2*,-4.09120
2|3P2)4P,a3F4p_z2D2*,-5.33873
2|3P2)4P,a3F4p_z2D2*,-5.80343
2|3F2)4F,a3F4p_z2D2*,-3.27140
2|3F2)4F,a3F4p_z2D2*,-2.66184
2|3F2)4F,a3F4p_z2D2*,-3.96579
3|4F3)4F,a3F4p_z2D2*,-3.53874
3|4F3)4F,a3F4p_z2D2*,-2.77483
3|4F3)4F,a3F4p_z2D2*,-3.23587
1|2G3),a3F4p_z2D2*,-4.72510
2|1F4)2F,a3F4p_z2D2*,-3.74027
2|1F4)2F,a3F4p_z2D2*,-3.42146
1|2D3),a3F4p_z2D2*,-3.51060
1|2D3),a3F4p_z2D2*,-2.77743
2|1D4)2D,a3F4p_z2D2*,-2.34578
2|1D4)2D,a3F4p_z2D2*,-4.86738
2|3D4)2D,a3F4p_z2D2*,-2.81885
2|3D4)2D,a3F4p_z2D2*,-1.58023
1|2F5),a3F4p_z2D2*,-1.63550
1|2F5),a3F4p_z2D2*,-2.85783
1|2F5),a3F4p_z2D2*,-1.90762
2|3G4)2G,a3F4p_z2D2*,-3.45345
2|3D4)4D,a3F4p_z2D2*,-2.22714
2|3D4)4D,a3F4p_z2D2*,-2.65660
2|3D4)4D,a3F4p_z2D2*,-3.79771
1|2G5),a3F4p_z2D2*,-4.01107
2|3F4)2F,a3F4p_z2D2*,-.83760
2|3F4)2F,a3F4p_z2D2*,-2.29869
2|3P4)2P,a3F4p_z2D2*,-1.14149
2|3G4)4G,a3F4p_z2D2*,-1.36085
2|3G4)4G,a3F4p_z2D2*,-2.18928
1|4F3),a3F4p_z2D2*,-.67696
1|4F3),a3F4p_z2D2*,-1.48570
1|4F3),a3F4p_z2D2*,-1.33384
1|2F3),a3F4p_z2D2*,-1.73195
1|2F3),a3F4p_z2D2*,-3.56582
1|2D5),a3F4p_z2D2*,-2.41834
1|2D5),a3F4p_z2D2*,-2.50995
2|3F4)4F,a3F4p_z2D2*,-.69436
2|3F4)4F,a3F4p_z2D2*,-.21593
2|3F4)4F,a3F4p_z2D2*,-.81742
2|3P4)4P,a3F4p_z2D2*,-1.92355
2|3P4)4P,a3F4p_z2D2*,-2.14572
2|3H4)4H,a3F4p_z2D2*,-1.80493
1|4D5),a3F4p_z2D2*,-2.87751
1|4D5),a3F4p_z2D2*,-2.24489
1|4D5),a3F4p_z2D2*,-3.01332
1|4P3),a3F4p_z2D2*,-2.86028
1|4P3),a3F4p_z2D2*,-3.20290
1|4G5),a3F4p_z2D2*,-.64398
1|4G5),a3F4p_z2D2*,-1.30592
2|5D4)4D,a3F4p_z2D2*,-5.11533
2|5D4)4D,a3F4p_z2D2*,-1.76141
2|5D4)4D,a3F4p_z2D2*,-1.36529
2|5D4)6D,a3F4p_z2D2*,-5.85302
2|5D4)6D,a3F4p_z2D2*,-5.17590
3|4P3)4P,a3F4p_z2D1*,-6.96675
1|2P3),a3F4p_z2D1*,-3.45076
1|2P3),a3F4p_z2D1*,-5.79166
2|3F2)2F,a3F4p_z2D1*,-4.55826
2|3P2)2P,a3F4p_z2D1*,-4.72246
2|3P2)2P,a3F4p_z2D1*,-3.99751
2|3P2)4P,a3F4p_z2D1*,-5.51014
2|3P2)4P,a3F4p_z2D1*,-5.02568
2|3P2)4P,a3F4p_z2D1*,-5.10207
2|3F2)4F,a3F4p_z2D1*,-3.37432
2|3F2)4F,a3F4p_z2D1*,-2.85059
3|4F3)4F,a3F4p_z2D1*,-3.44800
3|4F3)4F,a3F4p_z2D1*,-2.90174
2|1F4)2F,a3F4p_z2D1*,-3.48244
1|2D3),a3F4p_z2D1*,-2.90469
1|2D3),a3F4p_z2D1*,-4.93029
2|1D4)2D,a3F4p_z2D1*,-4.57263
2|1D4)2D,a3F4p_z2D1*,-2.67169
1|2S5),a3F4p_z2D1*,-3.44970
2|3D4)2D,a3F4p_z2D1*,-1.74606
2|3D4)2D,a3F4p_z2D1*,-2.87646
2|1S4)2S,a3F4p_z2D1*,-2.93724
1|2F5),a3F4p_z2D1*,-1.61584
2|3D4)4D,a3F4p_z2D1*,-2.44145
2|3D4)4D,a3F4p_z2D1*,-2.94420
2|3D4)4D,a3F4p_z2D1*,-3.96779
2|3F4)2F,a3F4p_z2D1*,-1.06462
2|3P4)2P,a3F4p_z2D1*,-1.02045
2|3P4)2P,a3F4p_z2D1*,-1.72309
2|3G4)4G,a3F4p_z2D1*,-1.74113
1|4F3),a3F4p_z2D1*,-1.41872
1|4F3),a3F4p_z2D1*,-.79235
1|2F3),a3F4p_z2D1*,-3.35801
1|2D5),a3F4p_z2D1*,-1.77980
1|2D5),a3F4p_z2D1*,-4.11593
2|3F4)4F,a3F4p_z2D1*,-.94372
2|3F4)4F,a3F4p_z2D1*,-.30213
2|3P4)4P,a3F4p_z2D1*,-3.09774
2|3P4)4P,a3F4p_z2D1*,-2.60171
2|3P4)4P,a3F4p_z2D1*,-2.68062
1|4D5),a3F4p_z2D1*,-3.73058
1|4D5),a3F4p_z2D1*,-2.87736
1|4D5),a3F4p_z2D1*,-2.51807
1|4P3),a3F4p_z2D1*,-3.48331
1|4P3),a3F4p_z2D1*,-3.11399
1|4P3),a3F4p_z2D1*,-2.63880
1|4G5),a3F4p_z2D1*,-.75512
2|5D4)4D,a3F4p_z2D1*,-3.26330
2|5D4)4D,a3F4p_z2D1*,-1.95053
2|5D4)4D,a3F4p_z2D1*,-1.58834
2|5D4)6D,a3F4p_z2D1*,-5.93756
2|5D4)6D,a3F4p_z2D1*,-6.06468
